1,0
2,0
3,0
4,0
5,0
6,0
7,0
8,0
9,0
10,0
11,0
12,0
13,0
14,0
15,0
16,0
17,0
18,0
19,0
20,0
21,0
22,0
23,0
24,0
25,0
26,0
27,0.0137772
28,0.0131228
29,0.0125385
30,0.0119526
31,0.0117144
32,0.0114678
33,0.0110456
34,0.0106998
35,0.010457
36,0.0101397
37,0.00986443
38,0.00955728
39,0.00932571
40,0.00902155
41,0.00878276
42,0.00863086
43,0.00835427
44,0.00822768
45,0.0125273
46,0.012218
47,0.0120022
48,0.0116851
49,0.0115087
50,0.0112906
51,0.0110562
52,0.010744
53,0.0104947
54,0.0103371
55,0.0100121
56,0.00977721
57,0.00963307
58,0.00949199
59,0.00929959
60,0.00910303
61,0.0089517
62,0.00876121
63,0.00857107
64,0.00835802
65,0.00820884
66,0.00800673
67,0.00787214
68,0.0193078
69,0.0190868
70,0.0187602
71,0.0184556
72,0.029031
73,0.0286305
74,0.0282406
75,0.0277111
76,0.0274152
77,0.0271537
78,0.0268842
79,0.0265192
80,0.0262061
81,0.0259492
82,0.0256851
83,0.0253531
84,0.0250203
85,0.0247648
86,0.0243567
87,0.0241987
88,0.023934
89,0.0236249
90,0.0233715
91,0.0231277
92,0.0229586
93,0.0227814
94,0.0228109
95,0.0226309
96,0.022298
97,0.0221695
98,0.0219154
99,0.0217352
100,0.0214515
101,0.0211677
102,0.021054
103,0.0208119
104,0.0206831
105,0.0203778
106,0.0201451
107,0.0199181
108,0.0197508
109,0.0195381
110,0.0194058
111,0.0191863
112,0.0189456
113,0.0236339
114,0.0263498
115,0.0260395
116,0.0258041
117,0.025569
118,0.0263368
119,0.0261136
120,0.0259211
121,0.0256188
122,0.025456
123,0.0252201
124,0.025824
125,0.0255388
126,0.0253806
127,0.0252035
128,0.0288631
129,0.0285952
130,0.0282657
131,0.0281077
132,0.027852
133,0.0276474
134,0.0275041
135,0.027221
136,0.0270319
137,0.0307341
138,0.030505
139,0.030287
140,0.0299916
141,0.029701
142,0.029437
143,0.0292342
144,0.0290072
145,0.0288093
146,0.0286493
147,0.0295761
148,0.0292666
149,0.0290061
150,0.029072
151,0.0289389
152,0.0288109
153,0.0286168
154,0.0284637
155,0.0283136
156,0.0281659
157,0.0279189
158,0.0277409
159,0.0275174
160,0.0274011
161,0.0271492
162,0.0269232
163,0.0267336
164,0.0266032
165,0.0264744
166,0.0262997
167,0.0260435
168,0.0258231
169,0.0257248
170,0.0296709
171,0.0295061
172,0.029336
173,0.0291727
174,0.0309572
175,0.0308286
176,0.0306677
177,0.0304746
178,0.0302728
179,0.0301211
180,0.0320961
181,0.0319035
182,0.0323931
183,0.0321984
184,0.0320216
185,0.0318689
186,0.0316861
187,0.0315208
188,0.0312893
189,0.0310298
190,0.0308881
191,0.0309798
192,0.0308284
193,0.0306778
194,0.0305876
195,0.0344932
196,0.0343277
197,0.0352183
198,0.0350784
199,0.0348381
200,0.0346432
201,0.0345225
202,0.0343663
203,0.0341804
204,0.0339462
205,0.0337338
206,0.0335451
207,0.0333643
208,0.0332012
209,0.0330638
210,0.0328673
211,0.0326971
212,0.0325378
213,0.0323739
214,0.0322491
215,0.0320856
216,0.0319535
217,0.0318631
218,0.0317328
219,0.0316015
220,0.0313916
221,0.0312961
222,0.0311602
223,0.0309836
224,0.033712
225,0.0335352
226,0.0333713
227,0.0332859
228,0.0331127
229,0.0330963
230,0.032904
231,0.0327352
232,0.0326248
233,0.0340383
234,0.0340778
235,0.0339887
236,0.0338168
237,0.0336526
238,0.0335401
239,0.0335799
240,0.0334109
241,0.0332415
242,0.0331719
243,0.0330609
244,0.0328908
245,0.0327969
246,0.0326599
247,0.0325139
248,0.0323942
249,0.0322615
250,0.0332658
251,0.0331136
252,0.0329622
253,0.0328474
254,0.0327819
255,0.0327002
256,0.032581
257,0.0352122
258,0.0352842
259,0.0351869
260,0.0350581
261,0.0357381
262,0.0355894
263,0.0355832
264,0.0354127
265,0.0352866
266,0.035861
267,0.0364
268,0.0362899
269,0.0367398
270,0.0365813
271,0.0364369
272,0.0362436
273,0.0370514
274,0.036934
275,0.0367478
276,0.036617
277,0.0364507
278,0.0386146
279,0.0385064
280,0.0383068
281,0.0382174
282,0.0404009
283,0.0402555
284,0.0401135
285,0.0399727
286,0.0399797
287,0.0402941
288,0.0401726
289,0.0401037
290,0.0399674
291,0.0398172
292,0.0396766
293,0.0395079
294,0.0394002
295,0.0392423
296,0.0391461
297,0.0389781
298,0.0388016
299,0.0386531
300,0.0385429
301,0.0384386
302,0.0382915
303,0.0381461
304,0.0382497
305,0.0382771
306,0.0403786
307,0.0402697
308,0.0405753
309,0.0404068
310,0.0402565
311,0.0414161
312,0.0412281
313,0.0411156
314,0.0410478
315,0.0409157
316,0.0407822
317,0.043834
318,0.0436926
319,0.0436216
320,0.0434903
321,0.0433205
322,0.0432121
323,0.0431069
324,0.0429515
325,0.0432363
326,0.0430706
327,0.0429489
328,0.04281
329,0.0427191
330,0.0426404
331,0.042512
332,0.0424046
333,0.0422723
334,0.0421983
335,0.0420517
336,0.0419113
337,0.0418493
338,0.0428691
339,0.0426827
340,0.0425326
341,0.0424263
342,0.0423156
343,0.0422107
344,0.0420703
345,0.0419244
346,0.0417113
347,0.0415604
348,0.0414659
349,0.0413548
350,0.0412181
351,0.0411205
352,0.0428255
353,0.0426834
354,0.0425472
355,0.042394
356,0.0423197
357,0.0436138
358,0.0439677
359,0.0460949
360,0.0459651
361,0.0458815
362,0.0457078
363,0.0458358
364,0.0465936
365,0.0464545
366,0.0463195
367,0.0461923
368,0.0460321
369,0.0469982
370,0.0468775
371,0.0466764
372,0.0480755
373,0.0487294
374,0.0486018
375,0.0485069
376,0.0484117
377,0.0488033
378,0.048677
379,0.0488208
380,0.0487161
381,0.0485678
382,0.0484828
383,0.0482956
384,0.0481169
385,0.0480116
386,0.0479245
387,0.0478346
388,0.0477616
389,0.0475974
390,0.0481915
391,0.0481082
392,0.0480095
393,0.0478616
394,0.0477452
395,0.0490122
396,0.049884
397,0.049702
398,0.0495302
399,0.0497151
400,0.0502951
401,0.0501869
402,0.0500662
403,0.0506914
404,0.0506039
405,0.0505265
406,0.0504418
407,0.050305
408,0.0501248
409,0.0510853
410,0.0509979
411,0.0508105
412,0.0506887
413,0.0506099
414,0.0513377
415,0.0514694
416,0.0516667
417,0.0523093
418,0.0521934
419,0.0521089
420,0.0521459
421,0.0519877
422,0.0518502
423,0.0516547
424,0.0514887
425,0.0517744
426,0.0526594
427,0.0525389
428,0.0524017
429,0.052227
430,0.0521238
431,0.0520221
432,0.0518724
433,0.0517412
434,0.051647
435,0.0515693
436,0.0517307
437,0.0515886
438,0.0514526
439,0.0513033
440,0.0511435
441,0.05103
442,0.0508647
443,0.0507856
444,0.0507154
445,0.0506404
446,0.05056
447,0.0505813
448,0.0504664
449,0.050901
450,0.0515911
451,0.0517477
452,0.0516693
453,0.0520636
454,0.0537204
455,0.0535847
456,0.0534544
457,0.0533521
458,0.0531594
459,0.0536038
460,0.0536386
461,0.0535355
462,0.0537084
463,0.0535778
464,0.0534445
465,0.0533166
466,0.0532493
467,0.053059
468,0.0540511
469,0.053918
470,0.0548618
471,0.0547251
472,0.0546445
473,0.0553143
474,0.0552394
475,0.0551179
476,0.0558199
477,0.0569184
478,0.0585733
479,0.0602672
480,0.0601547
481,0.06058
482,0.0604703
483,0.0603325
484,0.0605344
485,0.0606853
486,0.0609818
487,0.06086
488,0.0607049
489,0.0623014
490,0.0637318
491,0.0639209
492,0.0647195
493,0.064579
494,0.0644823
495,0.0643905
496,0.0642669
497,0.0658826
498,0.0657084
499,0.0656185
500,0.065483
501,0.0653812
502,0.0652613
503,0.065199
504,0.0650163
505,0.0649327
506,0.0648151
507,0.0648655
508,0.0649645
509,0.0648757
510,0.0647514
511,0.0660146
512,0.0658388
513,0.0664629
514,0.0662907
515,0.0661172
516,0.0669245
517,0.0668522
518,0.0666743
519,0.066639
520,0.066516
521,0.0663644
522,0.0662369
523,0.0661162
524,0.0659339
525,0.0665247
526,0.0663758
527,0.0665299
528,0.0664159
529,0.0663073
530,0.066167
531,0.0659897
532,0.0659078
533,0.0658327
534,0.0667034
535,0.0665637
536,0.066432
537,0.0663356
538,0.0671145
539,0.0670249
540,0.0669207
541,0.0667391
542,0.0666343
543,0.0672436
544,0.0679075
545,0.0678167
546,0.0677103
547,0.0675578
548,0.0687351
549,0.0686221
550,0.0685206
551,0.0683549
552,0.0684121
553,0.0683351
554,0.0682356
555,0.068064
556,0.0679502
557,0.0692129
558,0.0690674
559,0.0692348
560,0.0693953
561,0.0693185
562,0.0691699
563,0.0692376
564,0.0691052
565,0.0689875
566,0.0702926
567,0.070358
568,0.0702568
569,0.0701261
570,0.0699503
571,0.0698274
572,0.0697141
573,0.0705815
574,0.0704571
575,0.0707276
576,0.070564
577,0.0704945
578,0.0704015
579,0.0702517
580,0.0701751
581,0.0700704
582,0.0698635
583,0.0697695
584,0.0695875
585,0.0694294
586,0.0693502
587,0.0705243
588,0.0703634
589,0.0702821
590,0.0701462
591,0.0700561
592,0.0699627
593,0.069835
594,0.069718
595,0.0697206
596,0.0696314
597,0.069473
598,0.0693846
599,0.0692743
600,0.0698686
601,0.0701622
602,0.0700553
603,0.070142
604,0.0704728
605,0.0703873
606,0.0705861
607,0.0707478
608,0.0706314
609,0.0714754
610,0.0718424
611,0.0718814
612,0.0717065
613,0.0715323
614,0.0714727
615,0.0713395
616,0.0712378
617,0.0715786
618,0.0727571
619,0.0727135
620,0.0726028
621,0.0724658
622,0.0731316
623,0.0729949
624,0.072906
625,0.0727618
626,0.0733208
627,0.0734984
628,0.0733486
629,0.0731844
630,0.0730914
631,0.0729953
632,0.0732519
633,0.0731723
634,0.0730691
635,0.0735916
636,0.073475
637,0.0739903
638,0.0739147
639,0.0750053
640,0.0748965
641,0.0752006
642,0.0758175
643,0.0756754
644,0.0755745
645,0.0754537
646,0.0753288
647,0.0754076
648,0.0764359
649,0.0762739
650,0.0760837
651,0.0762963
652,0.0762084
653,0.0761239
654,0.0760253
655,0.0758758
656,0.0758069
657,0.0757897
658,0.0755991
659,0.0754514
660,0.0753899
661,0.0752924
662,0.0752325
663,0.0750879
664,0.0749174
665,0.0748194
666,0.0748839
667,0.0747154
668,0.0745242
669,0.0745393
670,0.0749059
671,0.0750949
672,0.0750004
673,0.0765942
674,0.0765105
675,0.0763471
676,0.0762753
677,0.0767252
678,0.0765734
679,0.0770774
680,0.0775237
681,0.0775605
682,0.0779938
683,0.0778165
684,0.0780704
685,0.0782528
686,0.0792192
687,0.0796211
688,0.0795046
689,0.0793401
690,0.0792697
691,0.0794614
692,0.0793518
693,0.0804829
694,0.080806
695,0.0808806
696,0.0807154
697,0.0805715
698,0.0811327
699,0.0811488
700,0.0814006
701,0.0816884
702,0.0816098
703,0.0815055
704,0.0813132
705,0.0827334
706,0.0837137
707,0.0837604
708,0.0841522
709,0.0840196
710,0.0839418
711,0.0837995
712,0.0842452
713,0.0840891
714,0.0841927
715,0.0842262
716,0.0851187
717,0.0849717
718,0.0848737
719,0.0850236
720,0.0848619
721,0.0856887
722,0.085695
723,0.0856265
724,0.0857259
725,0.0859005
726,0.0862409
727,0.0861396
728,0.086049
729,0.0858804
730,0.0860525
731,0.0858835
732,0.0858047
733,0.0858249
734,0.0858897
735,0.0864819
736,0.0865599
737,0.0872774
738,0.0873654
739,0.0872061
740,0.0870743
741,0.0869892
742,0.0869042
743,0.0867691
744,0.0868408
745,0.0867996
746,0.0869076
747,0.0870777
748,0.0874047
749,0.0875052
750,0.0874231
751,0.0872545
752,0.0874352
753,0.0872427
754,0.0870927
755,0.0870089
756,0.0869409
757,0.0868859
758,0.0868808
759,0.0872302
760,0.0870893
761,0.0869333
762,0.0867598
763,0.0866317
764,0.0869824
765,0.0868263
766,0.0874172
767,0.087521
768,0.0874604
769,0.0873031
770,0.0874622
771,0.087322
772,0.0873817
773,0.0878831
774,0.0879499
775,0.0878057
776,0.0883636
777,0.0882177
778,0.0881196
779,0.0879157
780,0.0881033
781,0.0893823
782,0.0892022
783,0.089305
784,0.089179
785,0.0890289
786,0.0889222
787,0.0888966
788,0.0887832
789,0.0887197
790,0.0886205
791,0.0884792
792,0.0885729
793,0.0885033
794,0.0892745
795,0.0894716
796,0.090146
797,0.090136
798,0.0911672
799,0.0910453
800,0.090953
801,0.0909104
802,0.0909089
803,0.0909989
804,0.0909058
805,0.0912552
806,0.0911579
807,0.0909974
808,0.0908759
809,0.0906989
810,0.0906607
811,0.0913308
812,0.0919822
813,0.0920338
814,0.0921069
815,0.0922066
816,0.0927257
817,0.0929683
818,0.0933603
819,0.0932768
820,0.094151
821,0.0940768
822,0.0939966
823,0.0938921
824,0.0945477
825,0.094392
826,0.0942199
827,0.095098
828,0.094981
829,0.0948968
830,0.0948292
831,0.0947093
832,0.0945928
833,0.0944547
834,0.0945243
835,0.0951745
836,0.0950201
837,0.0948682
838,0.0947703
839,0.094692
840,0.0945579
841,0.0949686
842,0.0948588
843,0.0947402
844,0.0945575
845,0.0944259
846,0.094585
847,0.0954168
848,0.0953006
849,0.0951749
850,0.0950825
851,0.0949833
852,0.0948372
853,0.0949737
854,0.0948651
855,0.0949003
856,0.0952129
857,0.0951475
858,0.0956086
859,0.0957653
860,0.0961044
861,0.0959921
862,0.0962225
863,0.0968086
864,0.0966498
865,0.0965329
866,0.0971965
867,0.0971354
868,0.0970311
869,0.0969366
870,0.0976825
871,0.0975706
872,0.0974734
873,0.0973648
874,0.0980894
875,0.0979832
876,0.0982538
877,0.098168
878,0.0980572
879,0.0984982
880,0.0983456
881,0.0984782
882,0.0984225
883,0.0984522
884,0.098319
885,0.098396
886,0.0987357
887,0.0988262
888,0.0986683
889,0.0984928
890,0.0984634
891,0.0984061
892,0.0989229
893,0.100155
894,0.100025
895,0.100444
896,0.10092
897,0.101159
898,0.10107
899,0.101258
900,0.101824
901,0.102438
902,0.102342
903,0.102178
904,0.102383
905,0.102242
906,0.102122
907,0.10295
908,0.103066
909,0.103102
910,0.103748
911,0.103703
912,0.103618
913,0.10412
914,0.104015
915,0.104661
916,0.10539
917,0.105293
918,0.105199
919,0.105106
920,0.105848
921,0.105734
922,0.106321
923,0.106583
924,0.106462
925,0.106351
926,0.106242
927,0.106298
928,0.107014
929,0.106923
930,0.106792
931,0.106653
932,0.106532
933,0.106538
934,0.106734
935,0.107088
936,0.107112
937,0.107007
938,0.10724
939,0.107064
940,0.106927
941,0.10683
942,0.106686
943,0.106567
944,0.106788
945,0.107014
946,0.107454
947,0.107356
948,0.107773
949,0.10796
950,0.108732
951,0.109474
952,0.109383
953,0.109222
954,0.109098
955,0.109264
956,0.109125
957,0.109358
958,0.109253
959,0.109183
960,0.10904
961,0.110043
962,0.109939
963,0.109825
964,0.109705
965,0.109585
966,0.109483
967,0.109379
968,0.109479
969,0.109609
970,0.110224
971,0.110479
972,0.110569
973,0.110419
974,0.110404
975,0.110614
976,0.110779
977,0.110667
978,0.110757
979,0.110601
980,0.110587
981,0.110595
982,0.111151
983,0.110972
984,0.111311
985,0.111174
986,0.111112
987,0.112028
988,0.111983
989,0.112893
990,0.112752
991,0.112654
992,0.112548
993,0.112835
994,0.112765
995,0.11303
996,0.112874
997,0.112745
998,0.113204
999,0.113617
1000,0.113515
1001,0.113355
1002,0.113253
1003,0.113302
1004,0.113242
1005,0.11342
1006,0.113344
1007,0.113298
1008,0.113944
1009,0.113839
1010,0.113741
1011,0.114145
1012,0.113996
1013,0.113915
1014,0.113815
1015,0.114078
1016,0.113893
1017,0.114519
1018,0.114383
1019,0.114281
1020,0.114643
1021,0.114497
1022,0.114344
1023,0.114304
1024,0.114224
1025,0.115031
1026,0.114971
1027,0.11497
1028,0.116488
1029,0.116585
1030,0.116398
1031,0.116737
1032,0.117131
1033,0.117231
1034,0.117103
1035,0.117027
1036,0.11744
1037,0.117291
1038,0.117187
1039,0.117058
1040,0.116965
1041,0.116827
1042,0.116929
1043,0.117104
1044,0.117828
1045,0.117742
1046,0.118016
1047,0.117899
1048,0.117825
1049,0.117985
1050,0.118338
1051,0.118219
1052,0.118521
1053,0.118938
1054,0.118869
1055,0.119527
1056,0.119399
1057,0.119205
1058,0.1191
1059,0.11952
1060,0.119694
1061,0.119495
1062,0.1194
1063,0.119298
1064,0.1198
1065,0.119626
1066,0.119457
1067,0.119344
1068,0.11924
1069,0.11959
1070,0.119729
1071,0.12052
1072,0.120715
1073,0.120905
1074,0.120789
1075,0.12127
1076,0.121174
1077,0.121046
1078,0.12099
1079,0.120874
1080,0.12104
1081,0.12092
1082,0.120956
1083,0.121466
1084,0.121327
1085,0.12123
1086,0.121883
1087,0.122297
1088,0.122212
1089,0.122691
1090,0.122571
1091,0.122467
1092,0.122374
1093,0.122562
1094,0.122441
1095,0.122715
1096,0.122574
1097,0.122505
1098,0.122595
1099,0.122627
1100,0.122602
1101,0.122459
1102,0.122319
1103,0.122459
1104,0.122434
1105,0.122304
1106,0.122161
1107,0.12204
1108,0.123236
1109,0.123517
1110,0.124027
1111,0.1244
1112,0.124358
1113,0.124366
1114,0.124409
1115,0.124487
1116,0.124937
1117,0.125018
1118,0.124914
1119,0.125432
1120,0.126056
1121,0.126224
1122,0.126069
1123,0.126451
1124,0.126383
1125,0.126267
1126,0.126291
1127,0.126652
1128,0.127323
1129,0.12831
1130,0.128179
1131,0.128045
1132,0.12788
1133,0.127796
1134,0.127707
1135,0.128222
1136,0.128229
1137,0.128646
1138,0.128646
1139,0.129149
1140,0.128966
1141,0.128843
1142,0.129627
1143,0.129442
1144,0.129565
1145,0.1295
1146,0.129354
1147,0.129483
1148,0.129667
1149,0.12962
1150,0.129475
1151,0.129324
1152,0.129206
1153,0.130045
1154,0.130851
1155,0.13071
1156,0.130665
1157,0.130934
1158,0.130789
1159,0.130761
1160,0.130802
1161,0.131178
1162,0.131775
1163,0.131831
1164,0.132275
1165,0.132182
1166,0.132086
1167,0.132204
1168,0.132573
1169,0.133169
1170,0.133593
1171,0.133479
1172,0.134412
1173,0.134716
1174,0.134609
1175,0.134546
1176,0.134759
1177,0.134634
1178,0.13503
1179,0.135165
1180,0.134992
1181,0.134818
1182,0.134732
1183,0.13536
1184,0.135332
1185,0.135588
1186,0.135539
1187,0.135626
1188,0.135482
1189,0.135337
1190,0.136046
1191,0.136222
1192,0.136257
1193,0.13696
1194,0.137555
1195,0.137421
1196,0.137358
1197,0.137226
1198,0.137924
1199,0.137802
1200,0.138051
1201,0.137869
1202,0.137799
1203,0.137672
1204,0.137719
1205,0.13763
1206,0.137806
1207,0.137668
1208,0.137523
1209,0.138193
1210,0.138687
1211,0.138902
1212,0.138954
1213,0.139288
1214,0.13945
1215,0.139604
1216,0.139754
1217,0.139621
1218,0.139862
1219,0.13974
1220,0.139585
1221,0.139394
1222,0.139948
1223,0.139905
1224,0.139998
1225,0.140012
1226,0.140419
1227,0.140615
1228,0.140547
1229,0.140959
1230,0.141696
1231,0.141613
1232,0.142341
1233,0.142188
1234,0.142605
1235,0.142741
1236,0.142592
1237,0.14246
1238,0.142731
1239,0.142652
1240,0.142473
1241,0.142952
1242,0.142854
1243,0.143192
1244,0.143015
1245,0.14348
1246,0.143858
1247,0.143751
1248,0.143751
1249,0.143774
1250,0.14442
1251,0.145336
1252,0.145515
1253,0.145368
1254,0.14576
1255,0.14589
1256,0.145898
1257,0.146313
1258,0.14617
1259,0.146383
1260,0.146541
1261,0.146861
1262,0.146728
1263,0.146641
1264,0.146764
1265,0.146562
1266,0.146588
1267,0.146448
1268,0.146323
1269,0.146229
1270,0.146824
1271,0.14681
1272,0.14713
1273,0.147116
1274,0.147457
1275,0.147338
1276,0.147974
1277,0.14794
1278,0.147803
1279,0.148127
1280,0.147964
1281,0.148056
1282,0.14808
1283,0.148374
1284,0.148235
1285,0.148198
1286,0.148011
1287,0.148488
1288,0.148822
1289,0.148758
1290,0.149448
1291,0.149335
1292,0.14918
1293,0.149605
1294,0.14972
1295,0.149615
1296,0.150108
1297,0.150167
1298,0.150038
1299,0.150525
1300,0.150461
1301,0.150343
1302,0.150466
1303,0.15032
1304,0.150853
1305,0.151059
1306,0.150995
1307,0.150878
1308,0.151222
1309,0.151422
1310,0.151316
1311,0.151163
1312,0.151335
1313,0.151976
1314,0.152811
1315,0.15292
1316,0.152844
1317,0.152795
1318,0.152795
1319,0.152725
1320,0.153353
1321,0.153783
1322,0.153677
1323,0.153838
1324,0.15386
1325,0.154237
1326,0.154517
1327,0.154681
1328,0.154885
1329,0.154786
1330,0.154871
1331,0.155085
1332,0.15551
1333,0.155561
1334,0.155465
1335,0.1558
1336,0.1561
1337,0.155942
1338,0.156282
1339,0.156121
1340,0.156576
1341,0.156478
1342,0.156903
1343,0.157004
1344,0.156881
1345,0.156698
1346,0.15659
1347,0.156495
1348,0.156396
1349,0.156929
1350,0.156926
1351,0.156742
1352,0.157003
1353,0.156789
1354,0.156711
1355,0.15707
1356,0.157294
1357,0.15721
1358,0.157085
1359,0.157187
1360,0.157371
1361,0.157216
1362,0.157085
1363,0.157335
1364,0.157285
1365,0.157509
1366,0.157362
1367,0.157202
1368,0.157193
1369,0.157138
1370,0.157037
1371,0.157057
1372,0.157564
1373,0.157471
1374,0.157755
1375,0.157609
1376,0.157937
1377,0.157911
1378,0.158624
1379,0.158606
1380,0.158746
1381,0.159318
1382,0.159479
1383,0.159368
1384,0.15975
1385,0.15984
1386,0.159994
1387,0.160286
1388,0.160462
1389,0.160617
1390,0.160593
1391,0.161095
1392,0.161063
1393,0.161524
1394,0.16166
1395,0.161564
1396,0.161489
1397,0.161319
1398,0.16131
1399,0.161484
1400,0.16149
1401,0.16131
1402,0.161127
1403,0.161042
1404,0.161291
1405,0.161484
1406,0.161924
1407,0.162257
1408,0.162354
1409,0.162623
1410,0.162545
1411,0.16248
1412,0.162566
1413,0.162509
1414,0.162773
1415,0.16333
1416,0.163256
1417,0.163186
1418,0.163194
1419,0.163071
1420,0.162913
1421,0.163264
1422,0.163155
1423,0.163129
1424,0.163434
1425,0.16331
1426,0.163195
1427,0.163248
1428,0.16307
1429,0.16345
1430,0.163286
1431,0.163344
1432,0.163714
1433,0.163837
1434,0.164009
1435,0.163861
1436,0.163829
1437,0.163843
1438,0.164001
1439,0.164026
1440,0.163874
1441,0.16399
1442,0.16457
1443,0.16444
1444,0.164626
1445,0.164944
1446,0.164985
1447,0.164861
1448,0.165008
1449,0.165251
1450,0.165088
1451,0.165302
1452,0.165717
1453,0.165687
1454,0.165941
1455,0.165902
1456,0.165818
1457,0.165688
1458,0.165526
1459,0.165406
1460,0.165664
1461,0.165499
1462,0.165669
1463,0.165539
1464,0.165831
1465,0.165771
1466,0.166224
1467,0.166158
1468,0.166276
1469,0.166607
1470,0.166526
1471,0.166653
1472,0.166887
1473,0.166967
1474,0.167681
1475,0.167497
1476,0.167967
1477,0.168044
1478,0.167929
1479,0.167821
1480,0.168087
1481,0.167975
1482,0.167993
1483,0.168274
1484,0.16846
1485,0.168832
1486,0.169457
1487,0.169388
1488,0.169277
1489,0.169394
1490,0.169667
1491,0.169506
1492,0.17007
1493,0.170303
1494,0.170977
1495,0.170822
1496,0.171102
1497,0.171531
1498,0.171435
1499,0.17186
1500,0.172132
1501,0.171966
1502,0.172225
1503,0.172296
1504,0.172231
1505,0.1723
1506,0.172091
1507,0.172071
1508,0.172259
1509,0.17248
1510,0.172377
1511,0.172675
1512,0.17248
1513,0.172385
1514,0.172416
1515,0.172469
1516,0.172577
1517,0.172592
1518,0.172584
1519,0.173161
1520,0.173126
1521,0.173133
1522,0.172908
1523,0.173031
1524,0.17316
1525,0.173567
1526,0.173541
1527,0.174069
1528,0.173925
1529,0.173751
1530,0.174199
1531,0.174591
1532,0.174491
1533,0.174554
1534,0.174721
1535,0.174575
1536,0.174472
1537,0.17434
1538,0.174299
1539,0.174448
1540,0.174357
1541,0.174399
1542,0.17429
1543,0.174237
1544,0.174146
1545,0.174324
1546,0.174451
1547,0.17431
1548,0.174261
1549,0.174189
1550,0.174675
1551,0.174946
1552,0.17487
1553,0.174939
1554,0.17497
1555,0.174872
1556,0.174778
1557,0.175264
1558,0.175181
1559,0.175151
1560,0.175167
1561,0.175563
1562,0.175839
1563,0.17568
1564,0.1761
1565,0.175921
1566,0.175745
1567,0.175936
1568,0.175816
1569,0.17578
1570,0.175786
1571,0.176208
1572,0.176256
1573,0.176408
1574,0.176277
1575,0.176419
1576,0.176243
1577,0.176217
1578,0.176394
1579,0.176305
1580,0.176234
1581,0.176558
1582,0.176425
1583,0.177058
1584,0.176882
1585,0.17703
1586,0.176957
1587,0.177214
1588,0.177471
1589,0.17743
1590,0.177486
1591,0.17791
1592,0.178438
1593,0.17896
1594,0.179098
1595,0.17954
1596,0.179373
1597,0.17922
1598,0.179104
1599,0.179621
1600,0.179758
1601,0.179983
1602,0.180317
1603,0.180225
1604,0.180247
1605,0.180324
1606,0.180137
1607,0.180356
1608,0.180426
1609,0.180761
1610,0.180646
1611,0.180663
1612,0.180681
1613,0.180947
1614,0.180977
1615,0.180803
1616,0.180736
1617,0.180857
1618,0.180742
1619,0.180661
1620,0.181063
1621,0.181212
1622,0.181091
1623,0.181024
1624,0.181266
1625,0.181622
1626,0.181718
1627,0.182229
1628,0.182497
1629,0.182371
1630,0.182246
1631,0.182505
1632,0.1828
1633,0.183146
1634,0.18333
1635,0.183628
1636,0.183552
1637,0.183691
1638,0.183639
1639,0.183496
1640,0.183344
1641,0.183587
1642,0.183394
1643,0.183288
1644,0.183274
1645,0.183278
1646,0.183926
1647,0.183869
1648,0.183709
1649,0.183715
1650,0.183636
1651,0.183532
1652,0.18378
1653,0.183879
1654,0.183756
1655,0.184092
1656,0.184276
1657,0.184208
1658,0.184319
1659,0.184242
1660,0.18458
1661,0.184725
1662,0.184795
1663,0.185259
1664,0.185486
1665,0.185474
1666,0.185694
1667,0.185589
1668,0.185464
1669,0.185285
1670,0.185172
1671,0.185069
1672,0.185153
1673,0.18498
1674,0.185021
1675,0.185322
1676,0.185556
1677,0.185631
1678,0.18555
1679,0.185468
1680,0.185318
1681,0.1858
1682,0.18576
1683,0.185992
1684,0.186064
1685,0.185965
1686,0.185998
1687,0.185853
1688,0.186062
1689,0.185934
1690,0.185785
1691,0.185793
1692,0.185887
1693,0.186256
1694,0.186266
1695,0.186274
1696,0.186226
1697,0.186111
1698,0.18638
1699,0.186396
1700,0.186582
1701,0.186476
1702,0.186696
1703,0.186617
1704,0.186945
1705,0.186982
1706,0.187281
1707,0.187735
1708,0.187843
1709,0.187758
1710,0.187965
1711,0.187955
1712,0.188057
1713,0.188031
1714,0.188221
1715,0.188439
1716,0.188454
1717,0.188418
1718,0.188404
1719,0.18855
1720,0.188791
1721,0.188625
1722,0.188896
1723,0.188718
1724,0.188589
1725,0.188523
1726,0.188495
1727,0.188713
1728,0.188578
1729,0.188441
1730,0.189007
1731,0.188937
1732,0.188856
1733,0.188912
1734,0.188892
1735,0.188789
1736,0.188733
1737,0.188635
1738,0.188515
1739,0.188536
1740,0.18878
1741,0.188594
1742,0.188528
1743,0.18859
1744,0.188959
1745,0.188829
1746,0.18909
1747,0.189049
1748,0.188937
1749,0.189333
1750,0.189547
1751,0.189424
1752,0.189717
1753,0.189547
1754,0.189489
1755,0.189956
1756,0.190354
1757,0.190822
1758,0.19076
1759,0.19111
1760,0.191037
1761,0.19109
1762,0.191233
1763,0.191322
1764,0.191313
1765,0.191215
1766,0.191521
1767,0.191358
1768,0.191972
1769,0.192036
1770,0.192064
1771,0.192306
1772,0.192207
1773,0.19224
1774,0.19241
1775,0.192616
1776,0.192889
1777,0.192841
1778,0.192886
1779,0.192753
1780,0.192681
1781,0.19256
1782,0.192417
1783,0.192641
1784,0.192574
1785,0.192554
1786,0.192627
1787,0.192509
1788,0.192378
1789,0.192289
1790,0.192161
1791,0.192225
1792,0.192357
1793,0.192582
1794,0.192783
1795,0.192839
1796,0.192726
1797,0.192978
1798,0.192858
1799,0.192864
1800,0.19321
1801,0.193077
1802,0.192983
1803,0.193179
1804,0.193382
1805,0.19397
1806,0.194089
1807,0.194472
1808,0.194358
1809,0.194439
1810,0.194374
1811,0.19427
1812,0.194382
1813,0.194352
1814,0.194527
1815,0.194418
1816,0.195032
1817,0.195038
1818,0.195372
1819,0.195275
1820,0.195134
1821,0.19501
1822,0.195372
1823,0.195562
1824,0.195629
1825,0.195489
1826,0.195744
1827,0.195813
1828,0.195863
1829,0.196178
1830,0.196588
1831,0.196704
1832,0.196602
1833,0.196495
1834,0.196333
1835,0.196256
1836,0.196138
1837,0.196382
1838,0.19619
1839,0.196428
1840,0.196663
1841,0.196521
1842,0.197036
1843,0.197202
1844,0.197191
1845,0.197082
1846,0.197114
1847,0.197024
1848,0.197213
1849,0.197238
1850,0.197574
1851,0.197482
1852,0.19766
1853,0.197522
1854,0.197374
1855,0.197509
1856,0.197808
1857,0.197614
1858,0.19783
1859,0.198315
1860,0.198444
1861,0.198372
1862,0.198609
1863,0.198499
1864,0.198445
1865,0.198467
1866,0.198507
1867,0.198504
1868,0.198379
1869,0.198439
1870,0.198696
1871,0.198821
1872,0.199004
1873,0.199056
1874,0.199185
1875,0.199156
1876,0.19906
1877,0.199568
1878,0.1995
1879,0.199896
1880,0.19995
1881,0.200157
1882,0.200305
1883,0.20026
1884,0.200203
1885,0.200651
1886,0.200703
1887,0.200919
1888,0.200875
1889,0.200804
1890,0.200878
1891,0.20095
1892,0.201029
1893,0.201379
1894,0.201459
1895,0.20186
1896,0.202335
1897,0.202236
1898,0.202266
1899,0.202346
1900,0.202269
1901,0.202257
1902,0.202183
1903,0.202101
1904,0.202146
1905,0.202284
1906,0.202171
1907,0.202474
1908,0.20269
1909,0.202645
1910,0.202844
1911,0.20335
1912,0.203312
1913,0.203554
1914,0.203486
1915,0.203777
1916,0.203956
1917,0.203839
1918,0.20388
1919,0.203733
1920,0.204025
1921,0.204042
1922,0.204061
1923,0.204622
1924,0.20453
1925,0.204593
1926,0.204514
1927,0.204507
1928,0.204781
1929,0.205339
1930,0.205176
1931,0.205075
1932,0.205458
1933,0.205531
1934,0.205794
1935,0.205761
1936,0.205946
1937,0.20589
1938,0.205929
1939,0.206221
1940,0.206214
1941,0.206577
1942,0.206913
1943,0.206846
1944,0.207094
1945,0.207415
1946,0.207728
1947,0.207774
1948,0.208027
1949,0.207947
1950,0.207842
1951,0.207906
1952,0.208327
1953,0.208225
1954,0.208322
1955,0.208249
1956,0.208234
1957,0.208329
1958,0.208377
1959,0.208235
1960,0.208034
1961,0.208185
1962,0.208505
1963,0.208411
1964,0.208231
1965,0.208505
1966,0.208583
1967,0.208694
1968,0.208698
1969,0.208633
1970,0.208483
1971,0.208678
1972,0.209051
1973,0.208988
1974,0.208884
1975,0.208981
1976,0.20937
1977,0.209593
1978,0.209471
1979,0.209331
1980,0.209391
1981,0.209459
1982,0.209819
1983,0.209718
1984,0.209529
1985,0.209926
1986,0.210038
1987,0.210163
1988,0.210231
1989,0.210471
1990,0.210447
1991,0.210307
1992,0.210773
1993,0.210882
1994,0.210928
1995,0.210942
1996,0.210993
1997,0.211135
1998,0.211323
1999,0.21132
2000,0.211684
2001,0.211763
2002,0.211915
2003,0.211898
2004,0.211865
2005,0.21177
2006,0.211861
2007,0.21199
2008,0.212584
2009,0.212801
2010,0.213041
2011,0.21308
2012,0.213344
2013,0.213423
2014,0.213372
2015,0.213213
2016,0.213115
2017,0.213059
2018,0.213189
2019,0.213106
2020,0.213353
2021,0.213246
2022,0.213503
2023,0.213607
2024,0.213444
2025,0.213465
2026,0.21342
2027,0.213835
2028,0.214143
2029,0.214015
2030,0.214447
2031,0.214762
2032,0.215008
2033,0.21505
2034,0.214902
2035,0.214823
2036,0.214817
2037,0.215497
2038,0.215386
2039,0.215326
2040,0.21525
2041,0.215217
2042,0.215136
2043,0.214969
2044,0.215007
2045,0.215346
2046,0.215175
2047,0.215621
2048,0.215564
2049,0.215738
2050,0.215624
2051,0.215879
2052,0.216149
2053,0.216078
2054,0.216376
2055,0.21653
2056,0.216476
2057,0.21671
2058,0.216699
2059,0.216712
2060,0.217155
2061,0.217569
2062,0.217765
2063,0.217918
2064,0.217984
2065,0.217928
2066,0.218037
2067,0.218465
2068,0.218519
2069,0.218757
2070,0.218965
2071,0.21886
2072,0.219339
2073,0.219232
2074,0.219211
2075,0.219477
2076,0.219367
2077,0.219663
2078,0.219552
2079,0.219439
2080,0.219319
2081,0.21962
2082,0.219753
2083,0.220161
2084,0.220367
2085,0.220451
2086,0.22037
2087,0.220632
2088,0.220927
2089,0.220828
2090,0.220935
2091,0.220761
2092,0.220849
2093,0.221005
2094,0.220919
2095,0.220902
2096,0.221109
2097,0.221204
2098,0.22158
2099,0.221777
2100,0.22191
2101,0.221716
2102,0.221908
2103,0.221954
2104,0.222059
2105,0.221951
2106,0.221837
2107,0.222228
2108,0.222533
2109,0.222673
2110,0.222792
2111,0.222683
2112,0.222894
2113,0.223053
2114,0.223024
2115,0.223179
2116,0.223436
2117,0.223384
2118,0.223254
2119,0.223261
2120,0.223414
2121,0.223639
2122,0.223519
2123,0.223799
2124,0.22384
2125,0.223671
2126,0.223508
2127,0.223889
2128,0.22383
2129,0.223766
2130,0.224023
2131,0.223844
2132,0.224118
2133,0.2245
2134,0.224659
2135,0.225198
2136,0.225134
2137,0.225161
2138,0.225163
2139,0.225417
2140,0.225824
2141,0.225872
2142,0.22618
2143,0.226243
2144,0.226301
2145,0.226383
2146,0.226562
2147,0.22685
2148,0.226786
2149,0.226872
2150,0.227032
2151,0.22717
2152,0.227281
2153,0.227337
2154,0.227314
2155,0.227358
2156,0.227389
2157,0.227282
2158,0.227383
2159,0.227521
2160,0.227688
2161,0.228034
2162,0.228351
2163,0.228466
2164,0.228601
2165,0.228945
2166,0.228738
2167,0.229018
2168,0.229069
2169,0.229322
2170,0.229537
2171,0.229559
2172,0.229866
2173,0.229897
2174,0.230408
2175,0.230329
2176,0.230543
2177,0.230506
2178,0.231011
2179,0.230953
2180,0.231128
2181,0.23113
2182,0.231282
2183,0.231409
2184,0.231324
2185,0.231484
2186,0.231535
2187,0.231383
2188,0.231585
2189,0.231926
2190,0.231961
2191,0.231804
2192,0.231787
2193,0.23188
2194,0.232195
2195,0.232124
2196,0.232105
2197,0.231998
2198,0.23198
2199,0.231841
2200,0.231701
2201,0.231722
2202,0.231813
2203,0.231871
2204,0.232045
2205,0.232276
2206,0.232557
2207,0.232475
2208,0.232992
2209,0.23301
2210,0.232832
2211,0.232903
2212,0.232826
2213,0.232952
2214,0.233282
2215,0.23371
2216,0.23363
2217,0.233868
2218,0.233963
2219,0.234262
2220,0.234424
2221,0.234457
2222,0.234446
2223,0.234621
2224,0.23474
2225,0.234745
2226,0.23465
2227,0.234751
2228,0.235024
2229,0.235209
2230,0.235564
2231,0.235683
2232,0.235619
2233,0.23599
2234,0.23592
2235,0.236173
2236,0.23649
2237,0.236387
2238,0.236345
2239,0.236301
2240,0.236247
2241,0.236399
2242,0.236485
2243,0.236499
2244,0.236462
2245,0.236485
2246,0.236666
2247,0.236643
2248,0.2367
2249,0.237102
2250,0.236973
2251,0.237204
2252,0.237253
2253,0.237328
2254,0.237203
2255,0.237586
2256,0.237471
2257,0.237383
2258,0.237656
2259,0.237947
2260,0.237975
2261,0.237849
2262,0.238183
2263,0.238088
2264,0.238289
2265,0.238462
2266,0.238382
2267,0.23822
2268,0.238163
2269,0.238048
2270,0.238168
2271,0.238269
2272,0.238573
2273,0.238395
2274,0.238445
2275,0.238311
2276,0.238174
2277,0.238248
2278,0.238595
2279,0.238733
2280,0.238725
2281,0.238724
2282,0.239096
2283,0.239413
2284,0.239508
2285,0.239598
2286,0.239456
2287,0.239837
2288,0.240031
2289,0.239909
2290,0.239737
2291,0.239774
2292,0.240255
2293,0.240102
2294,0.240003
2295,0.240187
2296,0.240304
2297,0.240231
2298,0.240566
2299,0.240853
2300,0.24074
2301,0.241133
2302,0.241328
2303,0.241114
2304,0.241259
2305,0.241462
2306,0.241626
2307,0.242001
2308,0.241927
2309,0.242081
2310,0.2421
2311,0.24233
2312,0.242604
2313,0.242549
2314,0.242427
2315,0.242816
2316,0.243072
2317,0.243043
2318,0.243115
2319,0.243401
2320,0.243786
2321,0.243747
2322,0.244047
2323,0.244156
2324,0.244138
2325,0.244239
2326,0.244435
2327,0.244536
2328,0.24487
2329,0.244979
2330,0.245044
2331,0.245478
2332,0.245306
2333,0.245335
2334,0.245334
2335,0.245419
2336,0.24563
2337,0.245688
2338,0.245758
2339,0.246046
2340,0.246111
2341,0.246289
2342,0.246673
2343,0.246843
2344,0.246825
2345,0.246753
2346,0.246677
2347,0.246816
2348,0.246748
2349,0.247249
2350,0.247525
1: 0

2: 0

3: 0

4: 0

5: 0

6: 0

7: 0

8: 0

9: 0

10: 0

11: 0

12: 0

13: 0

14: 0

15: 0

16: 0

17: 0

18: 0

19: 0

20: 0

21: 0

22: 0

23: 0

24: 0

25: 0

26: 0

27: 0

28: 0

29: 0

30: 0

31: 0

32: 0

33: 0

34: 0

35: 0

36: 0

37: 0

38: 0

39: 0

40: 0

41: 0

42: 0

43: 0

44: 0

45: 0

46: 0.00640395

47: 0.00626729

48: 0.00612338

49: 0.00604889

50: 0.00588779

51: 0.00578308

52: 0.00570513

53: 0.00559536

54: 0.00551971

55: 0.00540796

56: 0.00530859

57: 0.00521777

58: 0.00515143

59: 0.00504249

60: 0.00497421

61: 0.00489151

62: 0.00480277

63: 0.00475387

64: 0.00470125

65: 0.00463645

66: 0.00457687

67: 0.00452341

68: 0.00447637

69: 0.00440977

70: 0.00436974

71: 0.00431252

72: 0.00425711

73: 0.0041991

74: 0.00412268

75: 0.00409527

76: 0.00404723

77: 0.00399756

78: 0.00393935

79: 0.00387562

80: 0.00740542

81: 0.00730157

82: 0.00721593

83: 0.00716051

84: 0.00709042

85: 0.00697993

86: 0.00690901

87: 0.00682795

88: 0.00675491

89: 0.00664511

90: 0.00658585

91: 0.0082763

92: 0.00817786

93: 0.00811351

94: 0.00805221

95: 0.0116986

96: 0.011567

97: 0.011415

98: 0.0113184

99: 0.0112299

100: 0.0110999

101: 0.0109365

102: 0.0108613

103: 0.0107764

104: 0.0106524

105: 0.0105547

106: 0.0104309

107: 0.0102985

108: 0.0102184

109: 0.010127

110: 0.0100763

111: 0.00998696

112: 0.00989976

113: 0.00979621

114: 0.00970719

115: 0.0112683

116: 0.0111837

117: 0.011122

118: 0.0110221

119: 0.010944

120: 0.0108703

121: 0.0107912

122: 0.0107042

123: 0.0106505

124: 0.0105627

125: 0.0104669

126: 0.0104079

127: 0.010354

128: 0.0102919

129: 0.0101845

130: 0.0100981

131: 0.0108574

132: 0.0107539

133: 0.0106812

134: 0.0109502

135: 0.0141248

136: 0.0140181

137: 0.0138833

138: 0.0137999

139: 0.0137231

140: 0.013618

141: 0.0134989

142: 0.0135808

143: 0.0135005

144: 0.0133638

145: 0.0132399

146: 0.0131255

147: 0.0130211

148: 0.0129191

149: 0.0128658

150: 0.0127879

151: 0.0126703

152: 0.0125804

153: 0.012451

154: 0.0123746

155: 0.012286

156: 0.0122318

157: 0.0150924

158: 0.0150124

159: 0.0148875

160: 0.0148438

161: 0.0147627

162: 0.0146676

163: 0.014605

164: 0.0145159

165: 0.0144484

166: 0.014341

167: 0.0173986

168: 0.0172726

169: 0.0171615

170: 0.0170314

171: 0.0169427

172: 0.0179584

173: 0.0178663

174: 0.0177584

175: 0.0176167

176: 0.0175444

177: 0.0192544

178: 0.0191739

179: 0.0190686

180: 0.0189895

181: 0.0188493

182: 0.01876

183: 0.0186341

184: 0.0185548

185: 0.0184322

186: 0.0183383

187: 0.018197

188: 0.0180817

189: 0.01795

190: 0.017883

191: 0.0178066

192: 0.0176952

193: 0.0176395

194: 0.0175179

195: 0.0174055

196: 0.0173185

197: 0.017245

198: 0.0171387

199: 0.017017

200: 0.0169478

201: 0.0168546

202: 0.016779

203: 0.0167115

204: 0.0167764

205: 0.0167395

206: 0.0166785

207: 0.0174159

208: 0.0173445

209: 0.0172902

210: 0.0172306

211: 0.0171713

212: 0.0171106

213: 0.0170363

214: 0.0169406

215: 0.0184406

216: 0.0183652

217: 0.018253

218: 0.0181768

219: 0.0180992

220: 0.0180169

221: 0.0179268

222: 0.0180173

223: 0.0178962

224: 0.0178094

225: 0.018338

226: 0.0182319

227: 0.0181204

228: 0.0180566

229: 0.018013

230: 0.0180094

231: 0.0179645

232: 0.0179

233: 0.0178059

234: 0.0217685

235: 0.0217086

236: 0.0251165

237: 0.025028

238: 0.0249048

239: 0.0248192

240: 0.0246877

241: 0.0249307

242: 0.0248139

243: 0.0247552

244: 0.0246482

245: 0.0245772

246: 0.0245045

247: 0.0243677

248: 0.0242929

249: 0.0242133

250: 0.0240982

251: 0.0245173

252: 0.024431

253: 0.0243107

254: 0.0242154

255: 0.0241048

256: 0.025267

257: 0.0251586

258: 0.0250709

259: 0.0249959

260: 0.0248851

261: 0.0261482

262: 0.0260649

263: 0.0259584

264: 0.0258746

265: 0.0257916

266: 0.0257071

267: 0.0255931

268: 0.0263616

269: 0.0262814

270: 0.0262003

271: 0.0261289

272: 0.0260112

273: 0.0259375

274: 0.02584

275: 0.0258108

276: 0.0256688

277: 0.0255866

278: 0.0255216

279: 0.0259545

280: 0.025826

281: 0.0257077

282: 0.0256117

283: 0.0256821

284: 0.0274877

285: 0.0273954

286: 0.027334

287: 0.0272401

288: 0.0277953

289: 0.0276784

290: 0.0276039

291: 0.0280513

292: 0.027982

293: 0.0279077

294: 0.0278479

295: 0.0277771

296: 0.0276446

297: 0.0275765

298: 0.0281565

299: 0.0280662

300: 0.0279693

301: 0.0278727

302: 0.0277762

303: 0.0285454

304: 0.0284614

305: 0.0283687

306: 0.0284881

307: 0.0283681

308: 0.0282875

309: 0.0291716

310: 0.0291171

311: 0.0291249

312: 0.0290602

313: 0.0292471

314: 0.0292345

315: 0.0291163

316: 0.028986

317: 0.0297621

318: 0.0301119

319: 0.0300191

320: 0.0299595

321: 0.0308038

322: 0.0312062

323: 0.0310787

324: 0.0312331

325: 0.0330192

326: 0.0329148

327: 0.0327675

328: 0.0326652

329: 0.0325931

330: 0.0324656

331: 0.0323416

332: 0.0322887

333: 0.0322008

334: 0.0321036

335: 0.0320497

336: 0.0319423

337: 0.031824

338: 0.0317139

339: 0.0315838

340: 0.0329471

341: 0.0328637

342: 0.0327575

343: 0.0328318

344: 0.0327543

345: 0.0327095

346: 0.0325943

347: 0.0345609

348: 0.0344422

349: 0.0343759

350: 0.0343831

351: 0.0347858

352: 0.0350421

353: 0.0349567

354: 0.0348453

355: 0.0347489

356: 0.0346424

357: 0.0363477

358: 0.0362095

359: 0.0361269

360: 0.0360237

361: 0.0359367

362: 0.0368079

363: 0.03745

364: 0.0373599

365: 0.0372751

366: 0.0371454

367: 0.038061

368: 0.0379068

369: 0.0396776

370: 0.0395419

371: 0.0394215

372: 0.0408703

373: 0.0410498

374: 0.0409038

375: 0.0408273

376: 0.0406756

377: 0.0405188

378: 0.0404445

379: 0.0403231

380: 0.040194

381: 0.0401489

382: 0.0400206

383: 0.0407883

384: 0.0406867

385: 0.0405574

386: 0.0411633

387: 0.0410806

388: 0.0421122

389: 0.0425767

390: 0.0425044

391: 0.042349

392: 0.0422023

393: 0.0420935

394: 0.0419334

395: 0.0417959

396: 0.0418815

397: 0.0417607

398: 0.0420285

399: 0.0432415

400: 0.0431201

401: 0.0429706

402: 0.0428569

403: 0.042712

404: 0.0426013

405: 0.0435958

406: 0.0434807

407: 0.0434002

408: 0.0433185

409: 0.0432082

410: 0.0431116

411: 0.0430115

412: 0.0428677

413: 0.0427612

414: 0.0427114

415: 0.0425728

416: 0.0424541

417: 0.0424262

418: 0.0423253

419: 0.0422312

420: 0.0420689

421: 0.0419138

422: 0.0418399

423: 0.0417592

424: 0.0428247

425: 0.042729

426: 0.0451783

427: 0.0450517

428: 0.0466814

429: 0.0465787

430: 0.0464655

431: 0.0468428

432: 0.0467596

433: 0.0466725

434: 0.0465692

435: 0.0464546

436: 0.0464982

437: 0.0464783

438: 0.0463208

439: 0.0461837

440: 0.0460449

441: 0.0476293

442: 0.0477052

443: 0.0493691

444: 0.0492979

445: 0.0491572

446: 0.049019

447: 0.0489044

448: 0.0487491

449: 0.0487549

450: 0.0488883

451: 0.049476

452: 0.0501993

453: 0.0500756

454: 0.0499316

455: 0.049862

456: 0.050224

457: 0.0500466

458: 0.0499164

459: 0.0498175

460: 0.0518644

461: 0.0517485

462: 0.0516131

463: 0.0514982

464: 0.0514134

465: 0.0513335

466: 0.0512577

467: 0.051176

468: 0.0510395

469: 0.0508801

470: 0.0510961

471: 0.0510121

472: 0.0527216

473: 0.0535289

474: 0.0535231

475: 0.053366

476: 0.0531934

477: 0.053064

478: 0.0528981

479: 0.0531362

480: 0.0530054

481: 0.0529133

482: 0.0529899

483: 0.0528606

484: 0.0536719

485: 0.0535014

486: 0.0536129

487: 0.0538134

488: 0.0536817

489: 0.0554967

490: 0.055387

491: 0.0556291

492: 0.0564857

493: 0.0568743

494: 0.0570837

495: 0.0569932

496: 0.0572188

497: 0.0571533

498: 0.0570402

499: 0.0568998

500: 0.0580823

501: 0.0587656

502: 0.0585952

503: 0.058519

504: 0.0583781

505: 0.0583088

506: 0.058199

507: 0.0592559

508: 0.0595412

509: 0.0594284

510: 0.0596422

511: 0.0604302

512: 0.0602891

513: 0.0618793

514: 0.0618256

515: 0.0617537

516: 0.062437

517: 0.0623669

518: 0.0635176

519: 0.0633834

520: 0.0636516

521: 0.0648713

522: 0.0647402

523: 0.0646186

524: 0.0644775

525: 0.0643315

526: 0.0642272

527: 0.0648173

528: 0.064721

529: 0.0645968

530: 0.0644426

531: 0.0643223

532: 0.0656599

533: 0.0655813

534: 0.0654465

535: 0.0659689

536: 0.0658911

537: 0.0657463

538: 0.0656648

539: 0.0655128

540: 0.0657077

541: 0.06559

542: 0.0671607

543: 0.067067

544: 0.0669487

545: 0.0668316

546: 0.0668452

547: 0.0667569

548: 0.0666101

549: 0.0676026

550: 0.0690834

551: 0.0695273

552: 0.0693724

553: 0.070275

554: 0.0701213

555: 0.0700091

556: 0.0699196

557: 0.0711867

558: 0.0710351

559: 0.0715511

560: 0.0714352

561: 0.0712683

562: 0.071428

563: 0.0712622

564: 0.0715678

565: 0.0721384

566: 0.0719863

567: 0.0731388

568: 0.0729598

569: 0.073284

570: 0.0737659

571: 0.0735993

572: 0.0734195

573: 0.0756611

574: 0.0754919

575: 0.075409

576: 0.0752842

577: 0.0751755

578: 0.0759743

579: 0.076847

580: 0.0769372

581: 0.0769914

582: 0.0769096

583: 0.0768253

584: 0.0770484

585: 0.0769104

586: 0.0767654

587: 0.0765875

588: 0.0764016

589: 0.0762265

590: 0.0764034

591: 0.0769697

592: 0.0768061

593: 0.0766939

594: 0.0765318

595: 0.0763952

596: 0.0768109

597: 0.0766114

598: 0.0765203

599: 0.0763458

600: 0.0773606

601: 0.0778001

602: 0.0778586

603: 0.0777131

604: 0.0792835

605: 0.0791846

606: 0.0790358

607: 0.0789387

608: 0.0787742

609: 0.0786538

610: 0.0785497

611: 0.0786851

612: 0.0785852

613: 0.0784533

614: 0.0783778

615: 0.0784977

616: 0.0783063

617: 0.0781409

618: 0.0780308

619: 0.0785149

620: 0.0783486

621: 0.0782476

622: 0.0781134

623: 0.0779963

624: 0.0778381

625: 0.0777069

626: 0.0779963

627: 0.0778484

628: 0.0776815

629: 0.0775798

630: 0.0776032

631: 0.0774823

632: 0.077384

633: 0.0771954

634: 0.0771051

635: 0.0769517

636: 0.0768361

637: 0.0770302

638: 0.0768607

639: 0.0767217

640: 0.0765789

641: 0.0764877

642: 0.0768216

643: 0.0767075

644: 0.0765927

645: 0.076504

646: 0.0764206

647: 0.0764948

648: 0.0763856

649: 0.0770503

650: 0.0778461

651: 0.0777528

652: 0.0775898

653: 0.0774627

654: 0.0773599

655: 0.077375

656: 0.0772855

657: 0.077284

658: 0.0773961

659: 0.0775285

660: 0.0777641

661: 0.0775995

662: 0.078165

663: 0.0782183

664: 0.0780755

665: 0.0792104

666: 0.0791129

667: 0.0790033

668: 0.0788755

669: 0.0788062

670: 0.0796079

671: 0.0795014

672: 0.0793841

673: 0.0792228

674: 0.0791169

675: 0.079895

676: 0.0798327

677: 0.0797132

678: 0.0796038

679: 0.0794414

680: 0.079352

681: 0.0792022

682: 0.0795827

683: 0.0795128

684: 0.0796874

685: 0.0795283

686: 0.079937

687: 0.0797863

688: 0.0796849

689: 0.0803111

690: 0.08019

691: 0.0804142

692: 0.080318

693: 0.080203

694: 0.0813026

695: 0.0819197

696: 0.0818194

697: 0.0819169

698: 0.0818341

699: 0.0827475

700: 0.0826128

701: 0.0825105

702: 0.0823458

703: 0.0822483

704: 0.0821204

705: 0.082008

706: 0.0821623

707: 0.0820451

708: 0.0823277

709: 0.0821836

710: 0.0820662

711: 0.0825838

712: 0.0830692

713: 0.0830168

714: 0.0828488

715: 0.0827377

716: 0.0826353

717: 0.0825717

718: 0.0830595

719: 0.0829322

720: 0.0828592

721: 0.0831747

722: 0.0832287

723: 0.0831365

724: 0.0836141

725: 0.0849329

726: 0.0848227

727: 0.0852551

728: 0.0851138

729: 0.0855257

730: 0.0855366

731: 0.085401

732: 0.0854562

733: 0.0853593

734: 0.086035

735: 0.0858906

736: 0.0858414

737: 0.0859223

738: 0.0862548

739: 0.087091

740: 0.0870211

741: 0.0869149

742: 0.0868199

743: 0.0866319

744: 0.0865422

745: 0.0864458

746: 0.087088

747: 0.0871877

748: 0.087084

749: 0.087002

750: 0.0868154

751: 0.0870238

752: 0.0870264

753: 0.0869227

754: 0.0878963

755: 0.0891984

756: 0.0897439

757: 0.0895802

758: 0.0895043

759: 0.0893993

760: 0.089242

761: 0.0891095

762: 0.0893223

763: 0.0892135

764: 0.0890626

765: 0.0889245

766: 0.0887413

767: 0.0886604

768: 0.0885645

769: 0.088469

770: 0.0886136

771: 0.0885003

772: 0.0884227

773: 0.0883122

774: 0.0881794

775: 0.0881879

776: 0.0883234

777: 0.0882744

778: 0.0881528

779: 0.0879866

780: 0.0882139

781: 0.0880928

782: 0.0880036

783: 0.0879606

784: 0.0878395

785: 0.0888924

786: 0.0888101

787: 0.0887193

788: 0.0892237

789: 0.0890827

790: 0.0899846

791: 0.090093

792: 0.0899358

793: 0.0897752

794: 0.0896828

795: 0.0895304

796: 0.0894395

797: 0.0897179

798: 0.0897819

799: 0.0900787

800: 0.0909693

801: 0.0908661

802: 0.0907447

803: 0.0906571

804: 0.0907947

805: 0.0911782

806: 0.0916644

807: 0.0920019

808: 0.0919439

809: 0.0918399

810: 0.0917445

811: 0.0918989

812: 0.0918537

813: 0.0917988

814: 0.0917526

815: 0.0916642

816: 0.0915407

817: 0.0919538

818: 0.0917972

819: 0.0922548

820: 0.093144

821: 0.0932128

822: 0.0935951

823: 0.0934468

824: 0.0932847

825: 0.0931237

826: 0.0930145

827: 0.093159

828: 0.0932817

829: 0.0932218

830: 0.093217

831: 0.0930989

832: 0.093075

833: 0.0930147

834: 0.0936317

835: 0.0935309

836: 0.0936381

837: 0.0934867

838: 0.0933997

839: 0.0939369

840: 0.0943337

841: 0.0947667

842: 0.095426

843: 0.095292

844: 0.0959781

845: 0.0959323

846: 0.0958025

847: 0.095684

848: 0.0955395

849: 0.0954541

850: 0.0955656

851: 0.0954579

852: 0.0952925

853: 0.0951397

854: 0.0962459

855: 0.0962654

856: 0.096169

857: 0.0964494

858: 0.0963184

859: 0.097047

860: 0.0974206

861: 0.0975722

862: 0.0981715

863: 0.0982989

864: 0.099065

865: 0.0992938

866: 0.10022

867: 0.100407

868: 0.10032

869: 0.101312

870: 0.101233

871: 0.101094

872: 0.101015

873: 0.101357

874: 0.102206

875: 0.102114

876: 0.102009

877: 0.102382

878: 0.102262

879: 0.102128

880: 0.102244

881: 0.102514

882: 0.102426

883: 0.102738

884: 0.102847

885: 0.102756

886: 0.102664

887: 0.102512

888: 0.102389

889: 0.103043

890: 0.103119

891: 0.102991

892: 0.102909

893: 0.103212

894: 0.103116

895: 0.10298

896: 0.102875

897: 0.103395

898: 0.103818

899: 0.103708

900: 0.104565

901: 0.104484

902: 0.104344

903: 0.10468

904: 0.105337

905: 0.105222

906: 0.105404

907: 0.10525

908: 0.1052

909: 0.10538

910: 0.106419

911: 0.106277

912: 0.106215

913: 0.106889

914: 0.10765

915: 0.107659

916: 0.107499

917: 0.107422

918: 0.10727

919: 0.108103

920: 0.108565

921: 0.108423

922: 0.10914

923: 0.109161

924: 0.109021

925: 0.108881

926: 0.10903

927: 0.108915

928: 0.108797

929: 0.109305

930: 0.109599

931: 0.109947

932: 0.109823

933: 0.109845

934: 0.109656

935: 0.109468

936: 0.109352

937: 0.109193

938: 0.109207

939: 0.109089

940: 0.108963

941: 0.109239

942: 0.109053

943: 0.108958

944: 0.108872

945: 0.109623

946: 0.109862

947: 0.110621

948: 0.110429

949: 0.110351

950: 0.11073

951: 0.110637

952: 0.110535

953: 0.110468

954: 0.110251

955: 0.110168

956: 0.110098

957: 0.110509

958: 0.11035

959: 0.110745

960: 0.110609

961: 0.110491

962: 0.110421

963: 0.110284

964: 0.110143

965: 0.109989

966: 0.110543

967: 0.111121

968: 0.110979

969: 0.110829

970: 0.1115

971: 0.111432

972: 0.111326

973: 0.111226

974: 0.111349

975: 0.111483

976: 0.111385

977: 0.11121

978: 0.111583

979: 0.112407

980: 0.112305

981: 0.112141

982: 0.11205

983: 0.112337

984: 0.112617

985: 0.112521

986: 0.112404

987: 0.112552

988: 0.112926

989: 0.112798

990: 0.112626

991: 0.112692

992: 0.112958

993: 0.112841

994: 0.113584

995: 0.114111

996: 0.114416

997: 0.114237

998: 0.114465

999: 0.114823

1000: 0.114725

1001: 0.115571

1002: 0.115459

1003: 0.115435

1004: 0.115342

1005: 0.115566

1006: 0.116255

1007: 0.116385

1008: 0.116255

1009: 0.116152

1010: 0.116379

1011: 0.116644

1012: 0.117073

1013: 0.116928

1014: 0.116796

1015: 0.117021

1016: 0.11727

1017: 0.117165

1018: 0.11703

1019: 0.116868

1020: 0.116757

1021: 0.116639

1022: 0.116601

1023: 0.116719

1024: 0.116601

1025: 0.116894

1026: 0.117296

1027: 0.11714

1028: 0.117036

1029: 0.116941

1030: 0.116772

1031: 0.11678

1032: 0.116899

1033: 0.116764

1034: 0.116657

1035: 0.117018

1036: 0.116916

1037: 0.116745

1038: 0.116664

1039: 0.116545

1040: 0.116884

1041: 0.11752

1042: 0.117465

1043: 0.118335

1044: 0.118692

1045: 0.118506

1046: 0.119161

1047: 0.119009

1048: 0.118876

1049: 0.118748

1050: 0.118879

1051: 0.11946

1052: 0.119376

1053: 0.119764

1054: 0.120485

1055: 0.120741

1056: 0.120659

1057: 0.120795

1058: 0.120682

1059: 0.120578

1060: 0.120772

1061: 0.120604

1062: 0.120883

1063: 0.120801

1064: 0.120658

1065: 0.120883

1066: 0.12082

1067: 0.120707

1068: 0.120566

1069: 0.120652

1070: 0.12049

1071: 0.120649

1072: 0.120486

1073: 0.120583

1074: 0.12085

1075: 0.121172

1076: 0.121157

1077: 0.121078

1078: 0.12102

1079: 0.120902

1080: 0.120814

1081: 0.121458

1082: 0.12151

1083: 0.121881

1084: 0.121853

1085: 0.121726

1086: 0.121862

1087: 0.122188

1088: 0.122632

1089: 0.122818

1090: 0.122637

1091: 0.122503

1092: 0.122405

1093: 0.122318

1094: 0.122196

1095: 0.12246

1096: 0.122379

1097: 0.122296

1098: 0.122657

1099: 0.1226

1100: 0.12307

1101: 0.123442

1102: 0.12353

1103: 0.123438

1104: 0.123671

1105: 0.123559

1106: 0.123944

1107: 0.123783

1108: 0.124128

1109: 0.124036

1110: 0.123877

1111: 0.123704

1,0
2,0
3,0
4,0
5,0
6,0
7,0
8,0
9,0
10,0
11,0
12,0
13,0
14,0
15,0
16,0
17,0
18,0
19,0
20,0
21,0
22,0
23,0
24,0
25,0
26,0
27,0
28,0
29,0
30,0
31,0
32,0
33,0
34,0
35,0
36,0
37,0
38,0
39,0
40,0
41,0
42,0
43,0
44,0
45,0
46,0
47,0
48,0
49,0
50,0
51,0
52,0
53,0
54,0
55,0
56,0
57,0.00127717
58,0.0012551
59,0.00123381
60,0.00121371
61,0.00119377
62,0.0011735
63,0.00115521
64,0.00113693
65,0.0011197
66,0.00110267
67,0.00108562
68,0.00106987
69,0.00105457
70,0.00103973
71,0.0010253
72,0.00101057
73,0.000996868
74,0.000983647
75,0.000970045
76,0.000956939
77,0.00094482
78,0.000932658
79,0.00092042
80,0.00090912
81,0.000897793
82,0.00695874
83,0.00687624
84,0.00679452
85,0.00671579
86,0.00663398
87,0.00655746
88,0.0064828
89,0.00640832
90,0.00633319
91,0.00626089
92,0.0061934
93,0.0061231
94,0.00605587
95,0.00599202
96,0.0059303
97,0.00586698
98,0.00580795
99,0.00574847
100,0.00908138
101,0.0089903
102,0.00890313
103,0.00881625
104,0.00872975
105,0.0086479
106,0.00856694
107,0.00848617
108,0.00840903
109,0.00833323
110,0.00825841
111,0.00818053
112,0.00810476
113,0.0080328
114,0.00796282
115,0.00789248
116,0.00782247
117,0.00775561
118,0.00769043
119,0.00762665
120,0.00756389
121,0.00942483
122,0.00934814
123,0.00927254
124,0.00919903
125,0.00912235
126,0.00905007
127,0.00897533
128,0.00890395
129,0.00883448
130,0.00876525
131,0.00869893
132,0.00863391
133,0.00856837
134,0.00850478
135,0.00844135
136,0.00838015
137,0.00831991
138,0.0082605
139,0.00820206
140,0.00814126
141,0.00808259
142,0.0080266
143,0.00797059
144,0.00791332
145,0.00785905
146,0.00780303
147,0.00775031
148,0.00769665
149,0.00764521
150,0.00759519
151,0.00754526
152,0.00769954
153,0.00764898
154,0.00759995
155,0.00755021
156,0.00750075
157,0.00745365
158,0.00740688
159,0.00736088
160,0.00731507
161,0.00727033
162,0.00722575
163,0.00717815
164,0.00713441
165,0.00709018
166,0.00704698
167,0.00700362
168,0.00696046
169,0.00691854
170,0.00687783
171,0.00683737
172,0.00679802
173,0.00675912
174,0.00672083
175,0.00668204
176,0.0066441
177,0.00660701
178,0.0065691
179,0.00653273
180,0.00649613
181,0.00645947
182,0.0064243
183,0.00638899
184,0.00635432
185,0.00631871
186,0.00628467
187,0.00625013
188,0.00621624
189,0.00618361
190,0.00615137
191,0.00611871
192,0.00608739
193,0.00605475
194,0.00602186
195,0.0059908
196,0.00596071
197,0.00593101
198,0.0059005
199,0.00888344
200,0.00883974
201,0.0087959
202,0.00875192
203,0.00870942
204,0.00866524
205,0.00862326
206,0.00858155
207,0.00854011
208,0.00849799
209,0.008456
210,0.00841635
211,0.00837603
212,0.00833695
213,0.00829624
214,0.00825792
215,0.00822007
216,0.00818145
217,0.00814315
218,0.00810608
219,0.00806921
220,0.00803204
221,0.007995
222,0.00795957
223,0.00792379
224,0.00788616
225,0.00785009
226,0.00781495
227,0.00778024
228,0.00774668
229,0.00771194
230,0.00767866
231,0.00764514
232,0.00761214
233,0.00757975
234,0.00754725
235,0.00751546
236,0.0074812
237,0.00744953
238,0.0074184
239,0.00738639
240,0.00735583
241,0.00732484
242,0.00729493
243,0.00726474
244,0.00723374
245,0.00720385
246,0.00717363
247,0.00714514
248,0.00711651
249,0.00708636
250,0.00705829
251,0.0070289
252,0.00700052
253,0.00697287
254,0.00694588
255,0.00691802
256,0.00689141
257,0.00686329
258,0.00683686
259,0.00681067
260,0.00678377
261,0.00675772
262,0.00673199
263,0.00670513
264,0.00667949
265,0.00665302
266,0.00662804
267,0.00660353
268,0.00657784
269,0.00655319
270,0.00652849
271,0.00650438
272,0.00648082
273,0.00645715
274,0.00643296
275,0.00640941
276,0.00638671
277,0.00636346
278,0.00634037
279,0.00631705
280,0.00629405
281,0.00627191
282,0.00624992
283,0.00622709
284,0.00620455
285,0.00618307
286,0.00616179
287,0.00614068
288,0.00611963
289,0.00609745
290,0.00607664
291,0.00605583
292,0.00603531
293,0.00601499
294,0.00599485
295,0.00597483
296,0.00595383
297,0.00593291
298,0.00591311
299,0.00589252
300,0.0058733
301,0.00585374
302,0.00583445
303,0.00581544
304,0.00579615
305,0.00693257
306,0.00691031
307,0.0068875
308,0.0068654
309,0.0068434
310,0.00682116
311,0.00679939
312,0.00677742
313,0.00675602
314,0.00673372
315,0.0067118
316,0.00669007
317,0.00666823
318,0.00664735
319,0.00662678
320,0.00660627
321,0.00658584
322,0.00656572
323,0.00654538
324,0.00652551
325,0.00662679
326,0.00660634
327,0.00658611
328,0.00656502
329,0.0065449
330,0.0065254
331,0.00650564
332,0.00648618
333,0.00646687
334,0.00644762
335,0.00658565
336,0.00656546
337,0.00654551
338,0.00778267
339,0.00775857
340,0.00773615
341,0.00771319
342,0.00789461
343,0.00787178
344,0.00784872
345,0.00782575
346,0.00780339
347,0.00778085
348,0.00775863
349,0.00773645
350,0.00771346
351,0.00769106
352,0.00766948
353,0.00764763
354,0.00762614
355,0.00760486
356,0.00758296
357,0.00756193
358,0.00754063
359,0.00751954
360,0.00749898
361,0.00961401
362,0.00958783
363,0.00956155
364,0.00953484
365,0.00950807
366,0.00994797
367,0.00992105
368,0.00989438
369,0.00986748
370,0.00984059
371,0.00981425
372,0.00978819
373,0.00976192
374,0.00973576
375,0.00970993
376,0.00968309
377,0.00965652
378,0.00963075
379,0.00960561
380,0.00958057
381,0.0112026
382,0.0125912
383,0.012558
384,0.0125257
385,0.0124935
386,0.0124611
387,0.0124292
388,0.0127964
389,0.0127625
390,0.0127298
391,0.0126975
392,0.0126655
393,0.0126335
394,0.0126016
395,0.0125695
396,0.0148991
397,0.0148608
398,0.0148231
399,0.0147846
400,0.014748
401,0.014711
402,0.0146716
403,0.0146341
404,0.0150677
405,0.0150303
406,0.0151674
407,0.015129
408,0.015092
409,0.0150815
410,0.0150432
411,0.0150056
412,0.0149688
413,0.0149325
414,0.0148962
415,0.0148602
416,0.0148238
417,0.0147874
418,0.0147523
419,0.0147145
420,0.0146797
421,0.0157776
422,0.01574
423,0.0157009
424,0.0156615
425,0.01592
426,0.0158822
427,0.0158444
428,0.0158059
429,0.0157694
430,0.0157317
431,0.0156932
432,0.0156565
433,0.0156201
434,0.0155842
435,0.0155474
436,0.01551
437,0.0154741
438,0.015437
439,0.0159599
440,0.0159237
441,0.0158854
442,0.0158496
443,0.0158116
444,0.0157754
445,0.0157398
446,0.0157043
447,0.0164889
448,0.0164507
449,0.016413
450,0.0163767
451,0.0163398
452,0.0163013
453,0.016263
454,0.0171413
455,0.0171039
456,0.0170659
457,0.0170281
458,0.0169885
459,0.0169503
460,0.016913
461,0.0168747
462,0.016838
463,0.0168013
464,0.0167647
465,0.0167281
466,0.0166922
467,0.0166562
468,0.0166201
469,0.0165836
470,0.0165474
471,0.0165118
472,0.0164766
473,0.0164419
474,0.016407
475,0.0163725
476,0.0168406
477,0.0168053
478,0.0167699
479,0.016733
480,0.016698
481,0.0166627
482,0.0166247
483,0.0167011
484,0.0166658
485,0.0166307
486,0.0165963
487,0.0165621
488,0.0165281
489,0.0164944
490,0.0164592
491,0.0164258
492,0.0163901
493,0.0163569
494,0.0163218
495,0.0162889
496,0.0162555
497,0.0162217
498,0.016187
499,0.0161538
500,0.016121
501,0.0162789
502,0.0162458
503,0.0162136
504,0.0161811
505,0.0161492
506,0.0161171
507,0.0160836
508,0.0160506
509,0.0160186
510,0.0159866
511,0.0159548
512,0.0159233
513,0.0158914
514,0.0158601
515,0.0158285
516,0.0157978
517,0.0157669
518,0.0164248
519,0.0163934
520,0.0163875
521,0.0163546
522,0.0163209
523,0.016289
524,0.0162564
525,0.0162252
526,0.0161933
527,0.0161628
528,0.0161323
529,0.0161018
530,0.0160713
531,0.0160413
532,0.01601
533,0.0159794
534,0.0159487
535,0.0168291
536,0.0167965
537,0.0167642
538,0.0167331
539,0.0167009
540,0.0166697
541,0.0172958
542,0.0172632
543,0.0172307
544,0.0171986
545,0.0171669
546,0.0171348
547,0.0171037
548,0.0170724
549,0.0170406
550,0.0170081
551,0.0169772
552,0.0169465
553,0.0173945
554,0.0173633
555,0.0173307
556,0.0172995
557,0.0172686
558,0.0172354
559,0.0172038
560,0.0171728
561,0.0171414
562,0.0171107
563,0.0170789
564,0.0170484
565,0.0170182
566,0.0173282
567,0.0172976
568,0.0172671
569,0.0172359
570,0.0172058
571,0.0171749
572,0.0171448
573,0.017115
574,0.0170846
575,0.0170541
576,0.0170245
577,0.0182671
578,0.0182356
579,0.0182033
580,0.0181698
581,0.0181386
582,0.0181053
583,0.0184462
584,0.0184133
585,0.018836
586,0.0188029
587,0.0187709
588,0.0187387
589,0.018707
590,0.018675
591,0.0186424
592,0.0186099
593,0.0186032
594,0.0185717
595,0.0185401
596,0.0185092
597,0.0184782
598,0.0184456
599,0.0184145
600,0.0183832
601,0.0183528
602,0.0183223
603,0.0182918
604,0.0182611
605,0.0182305
606,0.0181997
607,0.0181695
608,0.0181384
609,0.0181086
610,0.0180786
611,0.0180491
612,0.0180193
613,0.0179903
614,0.0179596
615,0.0179287
616,0.0178993
617,0.0178704
618,0.0178414
619,0.0178125
620,0.0177827
621,0.0177543
622,0.0177255
623,0.0190169
624,0.0189866
625,0.0189559
626,0.018924
627,0.0188929
628,0.0188609
629,0.0188303
630,0.0187996
631,0.0187693
632,0.0188793
633,0.0188563
634,0.0188243
635,0.0187949
636,0.0199071
637,0.0198757
638,0.0198436
639,0.0198122
640,0.0197804
641,0.0197483
642,0.0197165
643,0.0196859
644,0.0196555
645,0.0196251
646,0.0195947
647,0.0195632
648,0.0195328
649,0.0195017
650,0.0194713
651,0.0194414
652,0.0194113
653,0.0193816
654,0.019352
655,0.0194325
656,0.0194025
657,0.019371
658,0.0193403
659,0.0193098
660,0.0192801
661,0.0192508
662,0.0192202
663,0.019191
664,0.0204262
665,0.0203948
666,0.0203638
667,0.0203413
668,0.0203098
669,0.0202791
670,0.0207643
671,0.020733
672,0.0207013
673,0.0208374
674,0.0208046
675,0.0207731
676,0.0207415
677,0.0207098
678,0.0206792
679,0.0206486
680,0.0206179
681,0.0205871
682,0.0205556
683,0.0205247
684,0.0210955
685,0.0210647
686,0.0210333
687,0.0210021
688,0.0209708
689,0.0209401
690,0.0209087
691,0.0208758
692,0.0208455
693,0.0208153
694,0.0209479
695,0.0209179
696,0.0218932
697,0.0218603
698,0.0218286
699,0.0217957
700,0.0217636
701,0.0217317
702,0.0217008
703,0.0219767
704,0.0219442
705,0.021913
706,0.02188
707,0.0218485
708,0.0218441
709,0.0218117
710,0.0217809
711,0.0217503
712,0.0217185
713,0.0220051
714,0.0219744
715,0.0219433
716,0.0219124
717,0.0218805
718,0.0218487
719,0.0218178
720,0.0217872
721,0.0217564
722,0.0224935
723,0.0224613
724,0.0224294
725,0.0223981
726,0.0223666
727,0.0223333
728,0.0223006
729,0.0222698
730,0.0222383
731,0.0222065
732,0.0221756
733,0.0222351
734,0.0227909
735,0.0227588
736,0.0227274
737,0.0226951
738,0.0226641
739,0.0226333
740,0.0226026
741,0.0225719
742,0.0225412
743,0.0225092
744,0.0228991
745,0.022867
746,0.0228358
747,0.0228052
748,0.0227733
749,0.0227426
750,0.0227121
751,0.0226797
752,0.0226493
753,0.022619
754,0.0225888
755,0.0225568
756,0.022526
757,0.0224942
758,0.0224638
759,0.022434
760,0.0224042
761,0.0223737
762,0.0223442
763,0.0223148
764,0.022285
765,0.0222554
766,0.0222262
767,0.022325
768,0.0222959
769,0.0222657
770,0.022235
771,0.0222063
772,0.0221773
773,0.0221473
774,0.0221168
775,0.0220869
776,0.0220585
777,0.0220293
778,0.0220004
779,0.0219721
780,0.0219441
781,0.021914
782,0.0218858
783,0.0218553
784,0.0218274
785,0.0217995
786,0.0217712
787,0.0217413
788,0.0217135
789,0.0216843
790,0.0216563
791,0.0216865
792,0.0216588
793,0.0221684
794,0.0221394
795,0.0221112
796,0.022082
797,0.0220541
798,0.0220254
799,0.021997
800,0.0219694
801,0.0219766
802,0.022397
803,0.0223687
804,0.0223403
805,0.0223121
806,0.0222836
807,0.0222559
808,0.0222281
809,0.0221993
810,0.0221709
811,0.023147
812,0.023118
813,0.0230891
814,0.0235862
815,0.023557
816,0.0235258
817,0.0234963
818,0.0234673
819,0.0234386
820,0.0234088
821,0.0234011
822,0.0233725
823,0.0237022
824,0.0242805
825,0.0242505
826,0.0242194
827,0.0241892
828,0.0250767
829,0.0250463
830,0.0250161
831,0.025812
832,0.0257806
833,0.0257475
834,0.0257145
835,0.0256831
836,0.0259291
837,0.0262919
838,0.0262599
839,0.0262276
840,0.0261949
841,0.0261632
842,0.0261314
843,0.0260996
844,0.0260671
845,0.0260357
846,0.0260042
847,0.0259733
848,0.0259413
849,0.0259107
850,0.02588
851,0.0258493
852,0.0258189
853,0.0257879
854,0.0257576
855,0.025727
856,0.0256962
857,0.0256659
858,0.0256358
859,0.0260366
860,0.026006
861,0.0259742
862,0.0259435
863,0.0259132
864,0.0258818
865,0.0258512
866,0.0258205
867,0.0257906
868,0.0257598
869,0.0259839
870,0.0259531
871,0.0262054
872,0.0261746
873,0.0261433
874,0.0261113
875,0.0260811
876,0.0260508
877,0.0260195
878,0.0265598
879,0.0265288
880,0.0264984
881,0.0264677
882,0.0264373
883,0.0264071
884,0.0263764
885,0.0263465
886,0.0263159
887,0.0262853
888,0.0262556
889,0.0262259
890,0.026196
891,0.0261646
892,0.0261341
893,0.0261042
894,0.0260738
895,0.0260434
896,0.0260141
897,0.0259844
898,0.0260673
899,0.0260362
900,0.0264071
901,0.0263773
902,0.0263473
903,0.0263175
904,0.027249
905,0.0272188
906,0.0271874
907,0.0271559
908,0.0271255
909,0.0270938
910,0.0270632
911,0.0270334
912,0.0270037
913,0.0269736
914,0.0269437
915,0.026914
916,0.0268843
917,0.0268547
918,0.0268253
919,0.0267958
920,0.0267654
921,0.026735
922,0.0267056
923,0.0266751
924,0.0266477
925,0.0266188
926,0.0265889
927,0.0265583
928,0.026529
929,0.0264983
930,0.026468
931,0.02661
932,0.0265814
933,0.0272306
934,0.0275763
935,0.0275466
936,0.0275157
937,0.0283087
938,0.0282784
939,0.028247
940,0.0282165
941,0.0282768
942,0.0282458
943,0.0287237
944,0.0287252
945,0.028694
946,0.0286632
947,0.0286315
948,0.0286006
949,0.0285701
950,0.0285378
951,0.0285076
952,0.0286597
953,0.0286294
954,0.0285989
955,0.0285678
956,0.0285365
957,0.0290499
958,0.0290192
959,0.0289882
960,0.0289567
961,0.0289259
962,0.0289047
963,0.0288736
964,0.0288429
965,0.0288123
966,0.0290009
967,0.0289703
968,0.0289393
969,0.0289093
970,0.0288785
971,0.0288482
972,0.028818
973,0.0287879
974,0.0291162
975,0.0290858
976,0.0290551
977,0.0290251
978,0.0289953
979,0.0289643
980,0.0289328
981,0.0289016
982,0.0288707
983,0.0288413
984,0.0288111
985,0.0287816
986,0.0287811
987,0.0287505
988,0.0289658
989,0.028935
990,0.0289054
991,0.0289499
992,0.0289187
993,0.0288882
994,0.0288588
995,0.0288294
996,0.0287984
997,0.0287692
998,0.0287401
999,0.028712
1000,0.0286831
1001,0.0286542
1002,0.0286252
1003,0.0285949
1004,0.0285661
1005,0.0285373
1006,0.0285086
1007,0.0284799
1008,0.0284515
1009,0.028422
1010,0.0283924
1011,0.0283627
1012,0.0283342
1013,0.028306
1014,0.0282777
1015,0.0282486
1016,0.0282193
1017,0.0281902
1018,0.0281611
1019,0.0281326
1020,0.0281048
1021,0.0284748
1022,0.0284455
1023,0.0284171
1024,0.0286466
1025,0.0287408
1026,0.0293626
1027,0.0293323
1028,0.0293025
1029,0.0292737
1030,0.0292528
1031,0.0292237
1032,0.0291945
1033,0.0293296
1034,0.029301
1035,0.0294513
1036,0.0294216
1037,0.0293931
1038,0.0293646
1039,0.0293355
1040,0.0294209
1041,0.0297238
1042,0.0296949
1043,0.0296659
1044,0.0296363
1045,0.0296074
1046,0.0295787
1047,0.0295499
1048,0.0295206
1049,0.0294921
1050,0.0294621
1051,0.0294328
1052,0.0294038
1053,0.0293755
1054,0.0293466
1055,0.0293183
1056,0.0292887
1057,0.0292605
1058,0.0292327
1059,0.0292046
1060,0.0292737
1061,0.0292661
1062,0.0292375
1063,0.0292082
1064,0.0291797
1065,0.0291516
1066,0.0291227
1067,0.0290946
1068,0.0290671
1069,0.0290392
1070,0.0290117
1071,0.0289836
1072,0.0291558
1073,0.0291272
1074,0.0290985
1075,0.0295118
1076,0.029484
1077,0.0294553
1078,0.0294264
1079,0.0293981
1080,0.0293704
1081,0.0297178
1082,0.0296902
1083,0.0296619
1084,0.0296336
1085,0.0296058
1086,0.0295781
1087,0.0295508
1088,0.0295232
1089,0.029495
1090,0.0294678
1091,0.0294398
1092,0.0296867
1093,0.0296587
1094,0.0297399
1095,0.0298472
1096,0.0299731
1097,0.0299439
1098,0.0300664
1099,0.0301061
1100,0.0303901
1101,0.0303605
1102,0.0303324
1103,0.030303
1104,0.0302749
1105,0.031015
1106,0.0309865
1107,0.0313001
1108,0.0312706
1109,0.0313161
1110,0.0312868
1111,0.0312584
