1, 0

2, 0

3, 0

4, 0

5, 0

6, 0

7, 0

8, 0

9, 0

10, 0

11, 0

12, 0

13, 0

14, 0

15, 0

16, 0

17, 0

18, 0

19, 0.0213686

20, 0.0201666

21, 0.0191631

22, 0.0181242

23, 0.0175197

24, 0.0169378

25, 0.0163935

26, 0.0161663

27, 0.0158183

28, 0.0155358

29, 0.0148836

30, 0.0143924

31, 0.0138932

32, 0.0134426

33, 0.0133342

34, 0.0127821

35, 0.0124839

36, 0.0119313

37, 0.0115274

38, 0.0112628

39, 0.0109446

40, 0.0107032

41, 0.0103325

42, 0.0100085

43, 0.00979794

44, 0.00943184

45, 0.00923562

46, 0.00907558

47, 0.00883092

48, 0.00865929

49, 0.0167715

50, 0.016528

51, 0.0162316

52, 0.0159308

53, 0.0157152

54, 0.0155877

55, 0.0154684

56, 0.0153315

57, 0.0150608

58, 0.0148961

59, 0.0145112

60, 0.0170454

61, 0.0168819

62, 0.0164947

63, 0.0161507

64, 0.0158679

65, 0.0155429

66, 0.0152601

67, 0.0150423

68, 0.0147007

69, 0.0143456

70, 0.0141317

71, 0.0138656

72, 0.0136385

73, 0.0133791

74, 0.0131502

75, 0.0129965

76, 0.0128058

77, 0.0127296

78, 0.0212702

79, 0.0209646

80, 0.0223193

81, 0.0219326

82, 0.0218461

83, 0.0215195

84, 0.0213093

85, 0.0209366

86, 0.0206221

87, 0.0207047

88, 0.0203995

89, 0.0202078

90, 0.0201176

91, 0.0254085

92, 0.0319685

93, 0.0346722

94, 0.0344314

95, 0.0340723

96, 0.0347646

97, 0.0343136

98, 0.0339523

99, 0.0335897

100, 0.0334596

101, 0.0332986

102, 0.0331086

103, 0.0327358

104, 0.0324885

105, 0.0321854

106, 0.0318679

107, 0.0314859

108, 0.0313673

109, 0.0366289

110, 0.0390825

111, 0.0388305

112, 0.0383732

113, 0.03846

114, 0.0382404

115, 0.0378911

116, 0.0377423

117, 0.0373884

118, 0.0370045

119, 0.0365444

120, 0.0366618

121, 0.0407384

122, 0.0402606

123, 0.0398537

124, 0.0395094

125, 0.0391797

126, 0.0387952

127, 0.0386528

128, 0.0383351

129, 0.0381421

130, 0.0378113

131, 0.0373607

132, 0.0371787

133, 0.0367553

134, 0.0364365

135, 0.036142

136, 0.0359639

137, 0.0404861

138, 0.0401428

139, 0.0397615

140, 0.0395077

141, 0.0393346

142, 0.0396438

143, 0.0393739

144, 0.0391103

145, 0.0390458

146, 0.0386357

147, 0.0390091

148, 0.0388039

149, 0.0384535

150, 0.0425729

151, 0.0421471

152, 0.0468764

153, 0.0466281

154, 0.0462631

155, 0.0460433

156, 0.0455972

157, 0.0452008

158, 0.0448908

159, 0.0497997

160, 0.0494125

161, 0.0490983

162, 0.0509128

163, 0.0508229

164, 0.0506662

165, 0.0501208

166, 0.0498506

167, 0.0496264

168, 0.0517018

169, 0.0514531

170, 0.05102

171, 0.0525338

172, 0.0539087

173, 0.0536989

174, 0.0533096

175, 0.0528302

176, 0.0524964

177, 0.0522022

178, 0.0517429

179, 0.0520782

180, 0.0518462

181, 0.0537021

182, 0.0534047

183, 0.0548808

184, 0.0544665

185, 0.0541416

186, 0.05375

187, 0.0535942

188, 0.0532429

189, 0.0614203

190, 0.0622892

191, 0.0618146

192, 0.0615025

193, 0.0611018

194, 0.0606221

195, 0.0609347

196, 0.0605784

197, 0.0601977

198, 0.059885

199, 0.0595337

200, 0.0595032

201, 0.0591553

202, 0.0589058

203, 0.061866

204, 0.0650459

205, 0.0646613

206, 0.0641945

207, 0.0637188

208, 0.0635388

209, 0.0693263

210, 0.070679

211, 0.0703445

212, 0.0700797

213, 0.0699284

214, 0.0696417

215, 0.0692084

216, 0.0694526

217, 0.0698435

218, 0.069662

219, 0.0716447

220, 0.0715469

221, 0.0711739

222, 0.0708388

223, 0.0728977

224, 0.0727303

225, 0.0722066

226, 0.0730913

227, 0.0727059

228, 0.072403

229, 0.072134

230, 0.0717548

231, 0.0713213

232, 0.0708818

233, 0.0759271

234, 0.0754677

235, 0.0757096

236, 0.0775567

237, 0.0771302

238, 0.0773707

239, 0.0771062

240, 0.0768635

241, 0.0764041

242, 0.07594

243, 0.0775105

244, 0.0770294

245, 0.077688

246, 0.0772626

247, 0.077088

248, 0.078451

249, 0.0781503

250, 0.0777822

251, 0.0774369

252, 0.0789977

253, 0.078728

254, 0.078284

255, 0.0777277

256, 0.0790024

257, 0.0786197

258, 0.078301

259, 0.0779475

260, 0.0776912

261, 0.0773481

262, 0.076956

263, 0.0766907

264, 0.0762371

265, 0.075877

266, 0.0758242

267, 0.0763103

268, 0.0780031

269, 0.0782834

270, 0.0787364

271, 0.0811622

272, 0.0809095

273, 0.0805023

274, 0.0800855

275, 0.0798034

276, 0.0796725

277, 0.0795268

278, 0.0791589

279, 0.0798451

280, 0.0795975

281, 0.0792608

282, 0.0789107

283, 0.0799184

284, 0.0802571

285, 0.0810576

286, 0.0816439

287, 0.0817928

288, 0.0815767

289, 0.0815864

290, 0.0835466

291, 0.0844794

292, 0.0842087

293, 0.0841331

294, 0.0841169

295, 0.0868867

296, 0.0866351

297, 0.0862158

298, 0.0869395

299, 0.0883022

300, 0.0883692

301, 0.088215

302, 0.0877254

303, 0.0875856

304, 0.0893548

305, 0.089195

306, 0.0895681

307, 0.0904877

308, 0.0901535

309, 0.0910327

310, 0.0911065

311, 0.0912055

312, 0.0908787

313, 0.0903885

314, 0.0906299

315, 0.0930983

316, 0.0945389

317, 0.0945036

318, 0.0960536

319, 0.0968808

320, 0.0971412

321, 0.0969066

322, 0.0968171

323, 0.0973736

324, 0.0997324

325, 0.101245

326, 0.100888

327, 0.100656

328, 0.1017

329, 0.102386

330, 0.102034

331, 0.101467

332, 0.101002

333, 0.100877

334, 0.100847

335, 0.100495

336, 0.100155

337, 0.0998557

338, 0.0996682

339, 0.0991425

340, 0.0988456

341, 0.101135

342, 0.103158

343, 0.103814

344, 0.103626

345, 0.10342

346, 0.102878

347, 0.102657

348, 0.102954

349, 0.102486

350, 0.102118

351, 0.102666

352, 0.104434

353, 0.106131

354, 0.105911

355, 0.10551

356, 0.106122

357, 0.107142

358, 0.106823

359, 0.109144

360, 0.108602

361, 0.108133

362, 0.107996

363, 0.110406

364, 0.111551

365, 0.111323

366, 0.111551

367, 0.1126

368, 0.112213

369, 0.112252

370, 0.111909

371, 0.111554

372, 0.111218

373, 0.110862

374, 0.112069

375, 0.11347

376, 0.114075

377, 0.113676

378, 0.113295

379, 0.113081

380, 0.114918

381, 0.116669

382, 0.116412

383, 0.116367

384, 0.11593

385, 0.115585

386, 0.115295

387, 0.117039

388, 0.116703

389, 0.116276

390, 0.115828

391, 0.11561

392, 0.115454

393, 0.116066

394, 0.116479

395, 0.116207

396, 0.115755

397, 0.115747

398, 0.115345

399, 0.115104

400, 0.115031

401, 0.114753

402, 0.114463

403, 0.115687

404, 0.115525

405, 0.115033

406, 0.114504

407, 0.116151

408, 0.116849

409, 0.116662

410, 0.116555

411, 0.116392

412, 0.117346

413, 0.118324

414, 0.118883

415, 0.118651

416, 0.119069

417, 0.118664

418, 0.118379

419, 0.118964

420, 0.119829

421, 0.119421

422, 0.119268

423, 0.11895

424, 0.118614

425, 0.118413

426, 0.117926

427, 0.117417

428, 0.117152

429, 0.117027

430, 0.116809

431, 0.116621

432, 0.116202

433, 0.115878

434, 0.116958

435, 0.117757

436, 0.117514

437, 0.117877

438, 0.118608

439, 0.118366

440, 0.118225

441, 0.118102

442, 0.11996

443, 0.120725

444, 0.120506

445, 0.120125

446, 0.120023

447, 0.120212

448, 0.119992

449, 0.12007

450, 0.119828

451, 0.121237

452, 0.122402

453, 0.122044

454, 0.121637

455, 0.122548

456, 0.122422

457, 0.122139

458, 0.121923

459, 0.122635

460, 0.122315

461, 0.121919

462, 0.121432

463, 0.121242

464, 0.122424

465, 0.122843

466, 0.122987

467, 0.124041

468, 0.123682

469, 0.123473

470, 0.124466

471, 0.124145

472, 0.124381

473, 0.124254

474, 0.123974

475, 0.123983

476, 0.123788

477, 0.124525

478, 0.124787

479, 0.124695

480, 0.125199

481, 0.125869

482, 0.126748

483, 0.126613

484, 0.126356

485, 0.126643

486, 0.12756

487, 0.129078

488, 0.128856

489, 0.128682

490, 0.128517

491, 0.12933

492, 0.130152

493, 0.129891

494, 0.129579

495, 0.130212

496, 0.1305

497, 0.130186

498, 0.130544

499, 0.130076

500, 0.1298

501, 0.130155

502, 0.130832

503, 0.131861

504, 0.131578

505, 0.131097

506, 0.130963

507, 0.13081

508, 0.131133

509, 0.130714

510, 0.130526

511, 0.130374

512, 0.130732

513, 0.130415

514, 0.130058

515, 0.132004

516, 0.131792

517, 0.132614

518, 0.132364

519, 0.133057

520, 0.133094

521, 0.133086

522, 0.132706

523, 0.132681

524, 0.133666

525, 0.133413

526, 0.133097

527, 0.132863

528, 0.132953

529, 0.133342

530, 0.133853

531, 0.13354

532, 0.133435

533, 0.134668

534, 0.134334

535, 0.133961

536, 0.135361

537, 0.138564

538, 0.138348

539, 0.138138

540, 0.138188

541, 0.138484

542, 0.138145

543, 0.138038

544, 0.138784

545, 0.138484

546, 0.138238

547, 0.139017

548, 0.138756

549, 0.138676

550, 0.139215

551, 0.139307

552, 0.140585

553, 0.140249

554, 0.139997

555, 0.140534

556, 0.141652

557, 0.141241

558, 0.141415

559, 0.141487

560, 0.141252

561, 0.141587

562, 0.141524

563, 0.141298

564, 0.141518

565, 0.141405

566, 0.141298

567, 0.142028

568, 0.142204

569, 0.142685

570, 0.142554

571, 0.142663

572, 0.142996

573, 0.142771

574, 0.142297

575, 0.142217

576, 0.14328

577, 0.143349

578, 0.143126

579, 0.144864

580, 0.144528

581, 0.144631

582, 0.144975

583, 0.146408

584, 0.146231

585, 0.146903

586, 0.146944

587, 0.146642

588, 0.147157

589, 0.147634

590, 0.149258

591, 0.149894

592, 0.149722

593, 0.149857

594, 0.149716

595, 0.149306

596, 0.14917

597, 0.149895

598, 0.150049

599, 0.150924

600, 0.151406

601, 0.151133

602, 0.151432

603, 0.152679

604, 0.15344

605, 0.154257

606, 0.154025

607, 0.153769

608, 0.154737

609, 0.155663

610, 0.15541

611, 0.15607

612, 0.155931

613, 0.155533

614, 0.156519

615, 0.156227

616, 0.15613

617, 0.157601

618, 0.159016

619, 0.158784

620, 0.160206

621, 0.160214

622, 0.159758

623, 0.159379

624, 0.159226

625, 0.159208

626, 0.160082

627, 0.160752

628, 0.160462

629, 0.160366

630, 0.160115

631, 0.159954

632, 0.159683

633, 0.159737

634, 0.160348

635, 0.160486

636, 0.160568

637, 0.161506

638, 0.161731

639, 0.162731

640, 0.163552

641, 0.163335

642, 0.163187

643, 0.162782

644, 0.163283

645, 0.164115

646, 0.164576

647, 0.164784

648, 0.164752

649, 0.16452

650, 0.164247

651, 0.164309

652, 0.165361

653, 0.165847

654, 0.166829

655, 0.167256

656, 0.167083

657, 0.169208

658, 0.169086

659, 0.169411

660, 0.169331

661, 0.169516

662, 0.169335

663, 0.169152

664, 0.168775

665, 0.168767

666, 0.169348

667, 0.169908

668, 0.169711

669, 0.170811

670, 0.17197

671, 0.171664

672, 0.172318

673, 0.172726

674, 0.173273

675, 0.173253

676, 0.174018

677, 0.173789

678, 0.174224

679, 0.174458

680, 0.175244

681, 0.176544

682, 0.176207

683, 0.17625

684, 0.176195

685, 0.176177

686, 0.175922

687, 0.176012

688, 0.175816

689, 0.175533

690, 0.175425

691, 0.175402

692, 0.175023

693, 0.175256

694, 0.174951

695, 0.174651

696, 0.174689

697, 0.174784

698, 0.175469

699, 0.175725

700, 0.175556

701, 0.176248

702, 0.177396

703, 0.177132

704, 0.177353

705, 0.178052

706, 0.178057

707, 0.178453

708, 0.178989

709, 0.179574

710, 0.17963

711, 0.179571

712, 0.179754

713, 0.179394

714, 0.179232

715, 0.180188

716, 0.181778

717, 0.182748

718, 0.18294

719, 0.183419

720, 0.184253

721, 0.184277

722, 0.184014

723, 0.183807

724, 0.184829

725, 0.18509

726, 0.184988

727, 0.184823

728, 0.184359

729, 0.184431

730, 0.184141

731, 0.185394

732, 0.185235

733, 0.186401

734, 0.186552

735, 0.186858

736, 0.186678

737, 0.186271

738, 0.18655

739, 0.187006

740, 0.187433

741, 0.187566

742, 0.187679

743, 0.188915

744, 0.188579

745, 0.18853

746, 0.18801

747, 0.188052

748, 0.188113

749, 0.188336

750, 0.188791

751, 0.189385

752, 0.189809

753, 0.189575

754, 0.189314

755, 0.18992

756, 0.190917

757, 0.19117

758, 0.191991

759, 0.192491

760, 0.192286

761, 0.193053

762, 0.192786

763, 0.192648

764, 0.193266

765, 0.193117

766, 0.193003

767, 0.193251

768, 0.1928

769, 0.192656

770, 0.193701

771, 0.194793

772, 0.196058

773, 0.196477

774, 0.196297

775, 0.196512

776, 0.196464

777, 0.196257

778, 0.196225

779, 0.196293

780, 0.196963

781, 0.196552

782, 0.197006

783, 0.197355

784, 0.198646

785, 0.198922

786, 0.199357

787, 0.199565

788, 0.200456

789, 0.200904

790, 0.201501

791, 0.201311

792, 0.20124

793, 0.201445

794, 0.201125

795, 0.200687

796, 0.201119

797, 0.201436

798, 0.201616

799, 0.201159

800, 0.201926

801, 0.201526

802, 0.201932

803, 0.201792

804, 0.201485

805, 0.201396

806, 0.201198

807, 0.202099

808, 0.202667

809, 0.202478

810, 0.202227

811, 0.202132

812, 0.20195

813, 0.202002

814, 0.203019

815, 0.202922

816, 0.203745

817, 0.204531

818, 0.204329

819, 0.203882

820, 0.205039

821, 0.205279

822, 0.205027

823, 0.204709

824, 0.204874

825, 0.205294

826, 0.205085

827, 0.204905

828, 0.204698

829, 0.205118

830, 0.205477

831, 0.2058

832, 0.206072

833, 0.206262

834, 0.20611

835, 0.206475

836, 0.206218

837, 0.206411

838, 0.207186

839, 0.207731

840, 0.20901

841, 0.209439

842, 0.209184

843, 0.209974

844, 0.209718

845, 0.210181

846, 0.210046

847, 0.210094

848, 0.211376

849, 0.211899

850, 0.212494

851, 0.21203

852, 0.21167

853, 0.211714

854, 0.211987

855, 0.21199

856, 0.212391

857, 0.212088

858, 0.212325

859, 0.211966

860, 0.21252

861, 0.213317

862, 0.214376

863, 0.214615

864, 0.214724

865, 0.214356

866, 0.2153

867, 0.215285

868, 0.215565

869, 0.215479

870, 0.215647

871, 0.215644

872, 0.215915

873, 0.215849

874, 0.215839

875, 0.216281

876, 0.216183

877, 0.215735

878, 0.215582

879, 0.216094

880, 0.216582

881, 0.216203

882, 0.216355

883, 0.216697

884, 0.216646

885, 0.216896

886, 0.216685

887, 0.216342

888, 0.216828

889, 0.216759

890, 0.217007

891, 0.217431

892, 0.217143

893, 0.218308

894, 0.217968

895, 0.217763

896, 0.218645

897, 0.218713

898, 0.219062

899, 0.219437

900, 0.219764

901, 0.220096

902, 0.220887

903, 0.220827

904, 0.22093

905, 0.221405

906, 0.221277

907, 0.222657

908, 0.223471

909, 0.223181

910, 0.223791

911, 0.224361

912, 0.224217

913, 0.223853

914, 0.223927

915, 0.223684

916, 0.223318

917, 0.223152

918, 0.223606

919, 0.223591

920, 0.224141

921, 0.224551

922, 0.225861

923, 0.225763

924, 0.225679

925, 0.225423

926, 0.22528

927, 0.226124

928, 0.225843

929, 0.225531

930, 0.225217

931, 0.22544

932, 0.225642

933, 0.22603

934, 0.225877

935, 0.226746

936, 0.226944

937, 0.226803

938, 0.226529

939, 0.226152

940, 0.225886

941, 0.225803

942, 0.225699

943, 0.225344

944, 0.226003

945, 0.225815

946, 0.226046

947, 0.226393

948, 0.226676

949, 0.226405

950, 0.226757

951, 0.226411

952, 0.227074

953, 0.226905

954, 0.227097

955, 0.227563

956, 0.228581

957, 0.228219

958, 0.228377

959, 0.228655

960, 0.228475

961, 0.22866

962, 0.229075

963, 0.228974

964, 0.229442

965, 0.229148

966, 0.230204

967, 0.229995

968, 0.229788

969, 0.230095

970, 0.229858

971, 0.229751

972, 0.229887

973, 0.230228

974, 0.23089

975, 0.231854

976, 0.23201

977, 0.232168

978, 0.231844

979, 0.232037

980, 0.231812

981, 0.23238

982, 0.232828

983, 0.232673

984, 0.233233

985, 0.233998

986, 0.234334

987, 0.234483

988, 0.234122

989, 0.23466

990, 0.234261

991, 0.234761

992, 0.234593

993, 0.235203

994, 0.235442

995, 0.235923

996, 0.23707

997, 0.237077

998, 0.236673

999, 0.23725

1000, 0.23812

1001, 0.238223

1002, 0.238392

1003, 0.238966

1004, 0.239445

1005, 0.239693

1006, 0.239894

1007, 0.240361

1008, 0.241129

1009, 0.240795

1010, 0.2407

1011, 0.240799

1012, 0.241308

1013, 0.241334

1014, 0.241058

1015, 0.240867

1016, 0.241382

1017, 0.242116

1018, 0.242767

1019, 0.242714

1020, 0.242979

1021, 0.243596

1022, 0.243869

1023, 0.244323

1024, 0.244437

1025, 0.2452

1026, 0.245391

1027, 0.24516

1028, 0.245156

1029, 0.246022

1030, 0.24658

1031, 0.246181

1032, 0.246235

1033, 0.24618

1034, 0.246485

1035, 0.246824

1036, 0.247198

1037, 0.247597

1038, 0.247783

1039, 0.247736

1040, 0.248113

1041, 0.248236

1042, 0.24873

1043, 0.248404

1044, 0.248317

1045, 0.248748

1046, 0.248538

1047, 0.248351

1048, 0.248535

1049, 0.249109

1050, 0.248771

1051, 0.248573

1052, 0.248537

1053, 0.248576

1054, 0.248349

1055, 0.24954

1056, 0.249854

1057, 0.249693

1058, 0.24964

1059, 0.25029

1060, 0.250736

1061, 0.250538

1062, 0.251517

1063, 0.25203

1064, 0.251838

1065, 0.252008

1066, 0.251761

1067, 0.252114

1068, 0.252049

1069, 0.251998

1070, 0.251897

1071, 0.251609

1072, 0.25167

1073, 0.251651

1074, 0.251313

1075, 0.251775

1076, 0.251432

1077, 0.251215

1078, 0.251864

1079, 0.252101

1080, 0.251735

1081, 0.252026

1082, 0.252397

1083, 0.252795

1084, 0.253039

1085, 0.253221

1086, 0.253854

1087, 0.253611

1088, 0.253909

1089, 0.25419

1090, 0.254266

1091, 0.255249

1092, 0.255466

1093, 0.256091

1094, 0.256171

1095, 0.256132

1096, 0.256007

1097, 0.255966

1098, 0.256378

1099, 0.256467

1100, 0.256907

1101, 0.256728

1102, 0.256669

1103, 0.257203

1104, 0.257118

1105, 0.257385

1106, 0.257563

1107, 0.257523

1108, 0.257569

1109, 0.258131

1110, 0.258907

1111, 0.258691

1112, 0.258404

1113, 0.258997

1114, 0.259517

1115, 0.259323

1116, 0.25937

1117, 0.259886

1118, 0.259625

1119, 0.259396

1120, 0.2597

1121, 0.259431

1122, 0.25945

1123, 0.259247

1124, 0.259497

1125, 0.259151

1126, 0.259336

1127, 0.259446

1128, 0.25938

1129, 0.259156

1130, 0.259048

1131, 0.259788

1132, 0.260401

1133, 0.260765

1134, 0.260612

1135, 0.26055

1136, 0.260749

1137, 0.260958

1138, 0.261243

1139, 0.260969

1140, 0.260799

1141, 0.260735

1142, 0.260636

1143, 0.260301

1144, 0.261136

1145, 0.261007

1146, 0.261514

1147, 0.261873

1148, 0.26213

1149, 0.262304

1150, 0.263138

1151, 0.263503

1152, 0.263267

1153, 0.263144

1154, 0.263032

1155, 0.263433

1156, 0.263587

1157, 0.263395

1158, 0.263547

1159, 0.264284

1160, 0.264705

1161, 0.264676

1162, 0.264779

1163, 0.264528

1164, 0.265591

1165, 0.265208

1166, 0.265376

1167, 0.265288

1168, 0.265491

1169, 0.265417

1170, 0.265016

1171, 0.265015

1172, 0.265308

1173, 0.265668

1174, 0.265986

1175, 0.267088

1176, 0.267789

1177, 0.267922

1178, 0.267811

1179, 0.267971

1180, 0.26808

1181, 0.268277

1182, 0.268

1183, 0.267874

1184, 0.268149

1185, 0.268048

1186, 0.268346

1187, 0.268519

1188, 0.269692

1189, 0.270435

1190, 0.270587

1191, 0.270247

1192, 0.270571

1193, 0.270475

1194, 0.271038

1195, 0.271204

1196, 0.271459

1197, 0.271273

1198, 0.27142

1199, 0.271454

1200, 0.271725

1201, 0.272078

1202, 0.271879

1203, 0.271679

1204, 0.27155

1205, 0.271798

1206, 0.272322

1207, 0.272001

1208, 0.272105

1209, 0.272232

1210, 0.27234

1211, 0.272467

1212, 0.272311

1213, 0.272576

1214, 0.272651

1215, 0.273608

1216, 0.27353

1217, 0.273905

1218, 0.274013

1219, 0.274021

1220, 0.273936

1221, 0.273605

1222, 0.274113

1223, 0.274059

1224, 0.274497

1225, 0.274942

1226, 0.274722

1227, 0.275015

1228, 0.275507

1229, 0.275358

1230, 0.274903

1231, 0.274698

1232, 0.275063

1233, 0.274937

1234, 0.274949

1235, 0.275351

1236, 0.275064

1237, 0.275624

1238, 0.275789

1239, 0.276238

1240, 0.276047

1241, 0.27579

1242, 0.276105

1243, 0.27597

1244, 0.276011

1245, 0.276244

1246, 0.276234

1247, 0.275867

1248, 0.275416

1249, 0.275472

1250, 0.275751

1251, 0.275977

1252, 0.275669

1253, 0.27579

1254, 0.275468

1255, 0.275883

1256, 0.275974

1257, 0.275987

1258, 0.276294

1259, 0.276106

1260, 0.276379

1261, 0.27725

1262, 0.27743

1263, 0.277287

1264, 0.277511

1265, 0.277661

1266, 0.277798

1267, 0.27783

1268, 0.278802

1269, 0.279366

1270, 0.280092

1271, 0.280519

1272, 0.280467

1273, 0.280887

1274, 0.280692

1275, 0.281185

1276, 0.281767

1277, 0.282127

1278, 0.28217

1279, 0.282311

1280, 0.282965

1281, 0.283222

1282, 0.283302

1283, 0.283283

1284, 0.283919

1285, 0.284172

1286, 0.284033

1287, 0.283991

1288, 0.284668

1289, 0.284708

1290, 0.284653

1291, 0.285023

1292, 0.285314

1293, 0.285535

1294, 0.285619

1295, 0.286046

1296, 0.286981

1297, 0.286888

1298, 0.287345

1299, 0.287344

1300, 0.287142

1301, 0.287286

1302, 0.287348

1303, 0.287621

1304, 0.287885

1305, 0.28829

1306, 0.288245

1307, 0.289013

1308, 0.28908

1309, 0.289947

1310, 0.290025

1311, 0.290672

1312, 0.291362

1313, 0.291978

1314, 0.292367

1315, 0.292891

1316, 0.292489

1317, 0.292828

1318, 0.292954

1319, 0.292417

1320, 0.292404

1321, 0.292326

1322, 0.29246

1323, 0.292804

1324, 0.292962

1325, 0.293132

1326, 0.293205

1327, 0.293466

1328, 0.293249

1329, 0.293605

1330, 0.293528

1331, 0.29329

1332, 0.29374

1333, 0.293617

1334, 0.294066

1335, 0.294188

1336, 0.293958

1337, 0.293905

1338, 0.293679

1339, 0.293414

1340, 0.29359

1341, 0.293708

1342, 0.294202

1343, 0.293868

1344, 0.294005

1345, 0.294038

1346, 0.29447

1347, 0.294801

1348, 0.295229

1349, 0.294844

1350, 0.295568

1351, 0.295917

1352, 0.296028

1353, 0.295775

1354, 0.295987

1355, 0.296259

1356, 0.29647

1357, 0.296999

1358, 0.297464

1359, 0.297743

1360, 0.297929

1361, 0.298284

1362, 0.298217

1363, 0.297997

1364, 0.298121

1365, 0.298619

1366, 0.298748

1367, 0.299271

1368, 0.299347

1369, 0.299786

1370, 0.300014

1371, 0.300435

1372, 0.300726

1373, 0.30114

1374, 0.301713

1375, 0.30174

1376, 0.301982

1377, 0.301799

1378, 0.301962

1379, 0.302313

1380, 0.302498

1381, 0.302787

1382, 0.30298

1383, 0.303114

1384, 0.303925

1385, 0.304245

1386, 0.304703

1387, 0.304941

1388, 0.305328

1389, 0.305421

1390, 0.305836

1391, 0.305986

1392, 0.306201

1393, 0.306234

1394, 0.306257

1395, 0.305961

1396, 0.305778

1397, 0.305732

1398, 0.305672

1399, 0.30634

1400, 0.306489

1401, 0.306785

1402, 0.307364

1403, 0.307876

1404, 0.307946

1405, 0.307572

1406, 0.307924

1407, 0.308135

1408, 0.308197

1409, 0.308522

1410, 0.308936

1411, 0.309135

1412, 0.309446

1413, 0.309472

1414, 0.309684

1415, 0.310043

1416, 0.309959

1417, 0.310909

1418, 0.311398

1419, 0.311915

1420, 0.312105

1421, 0.312471

1422, 0.312986

1423, 0.31389

1424, 0.313939

1425, 0.314591

1426, 0.314639

1427, 0.31489

1428, 0.314777

1429, 0.31518

1430, 0.315296

1431, 0.315634

1432, 0.315447

1433, 0.315764

1434, 0.315512

1435, 0.315727

1436, 0.316377

1437, 0.316846

1438, 0.316539

1439, 0.317154

1440, 0.317008

1441, 0.317284

1442, 0.317036

1443, 0.317239

1444, 0.317089

1445, 0.31757

1446, 0.317719

1447, 0.317784

1448, 0.31801

1449, 0.318319

1450, 0.318677

1451, 0.318491

1452, 0.318456

1453, 0.318323

1454, 0.318388

1455, 0.318983

1456, 0.319111

1457, 0.318819

1458, 0.318623

1459, 0.318824

1460, 0.318982

1461, 0.319492

1462, 0.319877

1463, 0.320325

1464, 0.320443

1465, 0.320735

1466, 0.320621

1467, 0.321236

1468, 0.321713

1469, 0.321909

1470, 0.322144

1471, 0.322257

1472, 0.322682

1473, 0.322637

1474, 0.32256

1475, 0.323519

1476, 0.323634

1477, 0.32412

1478, 0.324378

1479, 0.324273

1480, 0.324455

1481, 0.324886

1482, 0.32494

1483, 0.325087

1484, 0.324703

1485, 0.325021

1486, 0.325338

1487, 0.325833

1488, 0.325802

1489, 0.32595

1490, 0.326215

1491, 0.326363

1492, 0.326846

1493, 0.326909

1494, 0.32695

1495, 0.327282

1496, 0.327593

1497, 0.327462

1498, 0.328143

1499, 0.328064

1500, 0.327952

1501, 0.328238

1502, 0.328893

1503, 0.328798

1504, 0.328599

1505, 0.328267

1506, 0.328286

1507, 0.328433

1508, 0.328223

1509, 0.327891

1510, 0.328212

1511, 0.327891

1512, 0.327725

1513, 0.328418

1514, 0.328488

1515, 0.328463

1516, 0.329035

1517, 0.329306

1518, 0.329111

1519, 0.329166

1520, 0.329506

1521, 0.329877

1522, 0.330068

1523, 0.329958

1524, 0.330168

1525, 0.330337

1526, 0.330391

1527, 0.330803

1528, 0.331542

1529, 0.332028

1530, 0.332453

1531, 0.332899

1532, 0.333106

1533, 0.333762

1534, 0.334345

1535, 0.334419

1536, 0.33482

1537, 0.335067

1538, 0.335237

1539, 0.334932

1540, 0.335031

1541, 0.334732

1542, 0.335479

1543, 0.336428

1544, 0.336318

1545, 0.336864

1546, 0.336835

1547, 0.337091

1548, 0.337637

1549, 0.337609

1550, 0.337898

1551, 0.337819

1552, 0.338156

1553, 0.338544

1554, 0.339182

1555, 0.339266

1556, 0.339236

1557, 0.339548

1558, 0.339359

1559, 0.339655

1560, 0.339701

1561, 0.339783

1562, 0.339634

1563, 0.339789

1564, 0.339424

1565, 0.340233

1566, 0.340321

1567, 0.340492

1568, 0.340539

1569, 0.340479

1570, 0.340541

1571, 0.340921

1572, 0.341259

1573, 0.341665

1574, 0.341646

1575, 0.341455

1576, 0.34183

1577, 0.341794

1578, 0.341337

1579, 0.341837

1580, 0.341918

1581, 0.341707

1582, 0.34167

1583, 0.34181

1584, 0.341854

1585, 0.342235

1586, 0.34212

1587, 0.341753

1588, 0.342321

1589, 0.342579

1590, 0.342695

1591, 0.343404

1592, 0.343617

1593, 0.343462

1594, 0.343636

1595, 0.344107

1596, 0.344122

1597, 0.34446

1598, 0.34438

1599, 0.344192

1600, 0.344192

1601, 0.344604

1602, 0.344717

1603, 0.344961

1604, 0.345344

1605, 0.345681

1606, 0.345497

1607, 0.345628

1608, 0.345476

1609, 0.346163

1610, 0.346254

1611, 0.345943

1612, 0.346461

1613, 0.346467

1614, 0.346315

1615, 0.34634

1616, 0.346659

1617, 0.346757

1618, 0.347082

1619, 0.347653

1620, 0.347567

1621, 0.347649

1622, 0.347308

1623, 0.347548

1624, 0.347274

1625, 0.3474

1626, 0.347664

1627, 0.348121

1628, 0.348179

1629, 0.348393

1630, 0.348305

1631, 0.347867

1632, 0.348526

1633, 0.349301

1634, 0.349701

1635, 0.34987

1636, 0.349897

1637, 0.349691

1638, 0.350075

1639, 0.350063

1640, 0.350004

1641, 0.349959

1642, 0.35002

1643, 0.350089

1644, 0.350461

1645, 0.350254

1646, 0.350718

1647, 0.350852

1648, 0.350917

1649, 0.351212

1650, 0.35087

1651, 0.351467

1652, 0.351788

1653, 0.351489

1654, 0.351698

1655, 0.351862

1656, 0.352369

1657, 0.352234

1658, 0.352478

1659, 0.352658

1660, 0.3528

1661, 0.353085

1662, 0.353496

1663, 0.353511

1664, 0.353982

1665, 0.354141

1666, 0.354325

1667, 0.354172

1668, 0.354514

1669, 0.35446

1670, 0.355051

1671, 0.35531

1672, 0.355288

1673, 0.355509

1674, 0.355494

1675, 0.355295

1676, 0.355396

1677, 0.355257

1678, 0.355228

1679, 0.355275

1680, 0.35588

1681, 0.35679

1682, 0.357262

1683, 0.357572

1684, 0.357867

1685, 0.358152

1686, 0.358414

1687, 0.358302

1688, 0.358743

1689, 0.359223

1690, 0.359229

1691, 0.359277

1692, 0.359863

1693, 0.360304

1694, 0.360766

1695, 0.360989

1696, 0.361368

1697, 0.361409

1698, 0.36192

1699, 0.36178

1700, 0.362253

1701, 0.36233

1702, 0.362883

1703, 0.363173

1704, 0.363316

1705, 0.363636

1706, 0.363665

1707, 0.363694

1708, 0.36344

1709, 0.363263

1710, 0.363147

1711, 0.363509

1712, 0.363433

1713, 0.363266

1714, 0.363227

1715, 0.363751

1716, 0.364114

1717, 0.364335

1718, 0.364774

1719, 0.364795

1720, 0.365148

1721, 0.365496

1722, 0.365887

1723, 0.366503

1724, 0.366304

1725, 0.366311

1726, 0.366273

1727, 0.366573

1728, 0.366687

1729, 0.366816

1730, 0.367072

1731, 0.367559

1732, 0.367819

1733, 0.367742

1734, 0.368104

1735, 0.367909

1736, 0.368099

1737, 0.368379

1738, 0.368336

1739, 0.368416

1740, 0.368705

1741, 0.368929

1742, 0.369281

1743, 0.369853

1744, 0.369927

1745, 0.370368

1746, 0.370497

1747, 0.370666

1748, 0.370444

1749, 0.370588

1750, 0.37061

1751, 0.370887

1752, 0.371322

1753, 0.371702

1754, 0.371502

1755, 0.371401

1756, 0.371717

1757, 0.371709

1758, 0.371756

1759, 0.372182

1760, 0.37207

1761, 0.372701

1762, 0.372836

1763, 0.372647

1764, 0.373123

1765, 0.373146

1766, 0.372981

1767, 0.372783

1768, 0.372838

1769, 0.372763

1770, 0.372762

1771, 0.372763

1772, 0.372691

1773, 0.373129

1774, 0.373222

1775, 0.373871

1776, 0.373738

1777, 0.37393

1778, 0.373889

1779, 0.374313

1780, 0.374527

1781, 0.375006

1782, 0.374743

1783, 0.374965

1784, 0.375101

1785, 0.375273

1786, 0.375792

1787, 0.375816

1788, 0.375843

1789, 0.376469

1790, 0.376603

1791, 0.376697

1792, 0.377158

1793, 0.377254

1794, 0.377499

1795, 0.377881

1796, 0.37803

1797, 0.378644

1798, 0.379432

1799, 0.379533

1800, 0.379798

1801, 0.379896

1802, 0.380103

1803, 0.380339

1804, 0.38076

1805, 0.380615

1806, 0.380344

1807, 0.380377

1808, 0.380591

1809, 0.381206

1810, 0.381432

1811, 0.381322

1812, 0.381425

1813, 0.381748

1814, 0.381836

1815, 0.382117

1816, 0.382171

1817, 0.382489

1818, 0.382508

1819, 0.383137

1820, 0.383233

1821, 0.383441

1822, 0.383218

1823, 0.384104

1824, 0.384369

1825, 0.384473

1826, 0.384552

1827, 0.38464

1828, 0.384991

1829, 0.384748

1830, 0.384892

1831, 0.385177

1832, 0.385068

1833, 0.385194

1834, 0.385304

1835, 0.385582

1836, 0.385969

1837, 0.386332

1838, 0.386709

1839, 0.386551

1840, 0.386604

1841, 0.386627

1842, 0.387222

1843, 0.387522

1844, 0.387685

1845, 0.387914

1846, 0.388073

1847, 0.388281

1848, 0.38852

1849, 0.388733

1850, 0.388898

1851, 0.389005

1852, 0.389029

1853, 0.388767

1854, 0.388914

1855, 0.388937

1856, 0.389017

1857, 0.38933

1858, 0.389444

1859, 0.389896

1860, 0.390491

1861, 0.390315

1862, 0.39049

1863, 0.390292

1864, 0.390653

1865, 0.390753

1866, 0.391283

1867, 0.391709

1868, 0.392082

1869, 0.392173

1870, 0.392212

1871, 0.392848

1872, 0.392683

1873, 0.392832

1874, 0.392572

1875, 0.392356

1876, 0.392549

1877, 0.393219

1878, 0.393505

1879, 0.393701

1880, 0.393797

1881, 0.393956

1882, 0.394165

1883, 0.39439

1884, 0.394236

1885, 0.393895

1886, 0.393993

1887, 0.394099

1888, 0.394631

1889, 0.3944

1890, 0.394546

1891, 0.394603

1892, 0.394275

1893, 0.394675

1894, 0.395054

1895, 0.395121

1896, 0.39522

1897, 0.395238

1898, 0.395309

1899, 0.395627

1900, 0.395966

1901, 0.396287

1902, 0.396437

1903, 0.396219

1904, 0.396633

1905, 0.3967

1906, 0.396751

1907, 0.396587

1908, 0.397268

1909, 0.397326

1910, 0.398074

1911, 0.398639

1912, 0.398903

1913, 0.398975

1914, 0.399198

1915, 0.399244

1916, 0.399303

1917, 0.39983

1918, 0.400031

1919, 0.400526

1920, 0.400805

1921, 0.400989

1922, 0.400968

1923, 0.401289

1924, 0.401417

1925, 0.401409

1926, 0.401681

1927, 0.401523

1928, 0.402073

1929, 0.402289

1930, 0.40261

1931, 0.402436

1932, 0.402861

1933, 0.402747

1934, 0.403215

1935, 0.403293

1936, 0.403381

1937, 0.403494

1938, 0.403748

1939, 0.403472

1940, 0.403596

1941, 0.403855

1942, 0.404047

1943, 0.40447

1944, 0.404782

1945, 0.405114

1946, 0.405035

1947, 0.404966

1948, 0.405292

1949, 0.405632

1950, 0.405878

1951, 0.40558

1952, 0.405694

1953, 0.406042

1954, 0.406436

1955, 0.406868

1956, 0.40676

1957, 0.40714

1958, 0.407093

1959, 0.407119

1960, 0.406878

1961, 0.407152

1962, 0.406878

1963, 0.406966

1964, 0.407265

1965, 0.407731

1966, 0.408065

1967, 0.40828

1968, 0.408838

1969, 0.408657

1970, 0.409228

1971, 0.409124

1972, 0.409166

1973, 0.409234

1974, 0.409764

1975, 0.41019

1976, 0.410345

1977, 0.41051

1978, 0.410734

1979, 0.410841

1980, 0.41087

1981, 0.410752

1982, 0.410861

1983, 0.411112

1984, 0.411102

1985, 0.411113

1986, 0.41127

1987, 0.411503

1988, 0.411627

1989, 0.411896

1990, 0.411879

1991, 0.411886

1992, 0.412026

1993, 0.412457

1994, 0.412423

1995, 0.412248

1996, 0.413023

1997, 0.412897

1998, 0.413181

1999, 0.413163

2000, 0.413526

2001, 0.413736

2002, 0.41408

2003, 0.41424

2004, 0.414508

2005, 0.414327

2006, 0.414518

2007, 0.414833

2008, 0.414751

2009, 0.41514

2010, 0.415635

2011, 0.415779

2012, 0.415801

2013, 0.415918

2014, 0.416135

2015, 0.41675

2016, 0.417267

2017, 0.417704

2018, 0.417701

2019, 0.417782

2020, 0.417999

2021, 0.418177

2022, 0.418024

2023, 0.41825

2024, 0.418427

2025, 0.41862

2026, 0.418912

2027, 0.419131

2028, 0.419287

2029, 0.419436

2030, 0.420123

2031, 0.420455

2032, 0.420455

2033, 0.421079

2034, 0.421297

2035, 0.421746

2036, 0.421895

2037, 0.421893

2038, 0.421881

2039, 0.421998

2040, 0.422061

2041, 0.422362

2042, 0.422589

2043, 0.422343

2044, 0.422399

2045, 0.423165

2046, 0.422963

2047, 0.422742

2048, 0.422974

2049, 0.423642

2050, 0.423469

2051, 0.423484

2052, 0.423589

2053, 0.423964

2054, 0.424001

2055, 0.424341

2056, 0.424509

2057, 0.424509

2058, 0.424757

2059, 0.424895

2060, 0.424904

2061, 0.424849

2062, 0.424655

2063, 0.424596

2064, 0.424767

2065, 0.42503

2066, 0.425274

2067, 0.425058

2068, 0.425757

2069, 0.425827

2070, 0.4259

2071, 0.425918

2072, 0.42543

2073, 0.425741

2074, 0.425979

2075, 0.426035

2076, 0.426103

2077, 0.426048

2078, 0.426311

2079, 0.426299

2080, 0.426674

2081, 0.426719

2082, 0.426828

2083, 0.427488

2084, 0.427265

2085, 0.427193

2086, 0.427518

2087, 0.427719

2088, 0.427829

2089, 0.42767

2090, 0.427576

2091, 0.427969

2092, 0.427464

2093, 0.427612

2094, 0.427755

2095, 0.42786

2096, 0.427691

2097, 0.428023

2098, 0.428059

2099, 0.428232

2100, 0.428841

2101, 0.428826

2102, 0.428844

2103, 0.428763

2104, 0.42871

2105, 0.42899

2106, 0.429487

2107, 0.42948

2108, 0.429362

2109, 0.429671

2110, 0.429671

2111, 0.429695

2112, 0.429596

2113, 0.429674

2114, 0.43011

2115, 0.430324

2116, 0.430365

2117, 0.430513

2118, 0.430846

2119, 0.430893

2120, 0.431149

2121, 0.431474

2122, 0.431269

2123, 0.431409

2124, 0.431506

2125, 0.431686

2126, 0.432067

2127, 0.432015

2128, 0.431854

2129, 0.432319

2130, 0.432443

2131, 0.432946

2132, 0.433068

2133, 0.433126

2134, 0.433176

2135, 0.433552

2136, 0.433754

2137, 0.434129

2138, 0.434297

2139, 0.434369

2140, 0.434805

2141, 0.434838

2142, 0.435271

2143, 0.435538

2144, 0.435724

2145, 0.43602

2146, 0.435859

2147, 0.436123

2148, 0.436081

2149, 0.436183

2150, 0.436271

2151, 0.436433

2152, 0.43656

2153, 0.436577

2154, 0.436923

2155, 0.437227

2156, 0.437531

2157, 0.437699

2158, 0.437681

2159, 0.438162

2160, 0.438517

2161, 0.438662

2162, 0.439023

2163, 0.439149

2164, 0.439463

2165, 0.439727

2166, 0.439911

2167, 0.440033

2168, 0.440487

2169, 0.440967

2170, 0.441103

2171, 0.441066

2172, 0.441251

2173, 0.441535

2174, 0.441616

2175, 0.441691

2176, 0.44204

2177, 0.442751

2178, 0.442805

2179, 0.443062

2180, 0.442956

2181, 0.442959

2182, 0.443147

2183, 0.443341

2184, 0.44373

2185, 0.444018

2186, 0.443954

2187, 0.444291

2188, 0.444492

2189, 0.444504

2190, 0.444441

2191, 0.444654

2192, 0.444695

2193, 0.444601

2194, 0.444695

2195, 0.444904

2196, 0.444988

2197, 0.445373

2198, 0.44532

2199, 0.445458

2200, 0.445657

2201, 0.445566

2202, 0.445469

2203, 0.445259

2204, 0.445673

2205, 0.445837

2206, 0.446355

2207, 0.446326

2208, 0.446106

2209, 0.446203

2210, 0.446186

2211, 0.446311

2212, 0.446364

2213, 0.44625

2214, 0.446387

2215, 0.446643

2216, 0.446839

2217, 0.447004

2218, 0.446875

2219, 0.447243

2220, 0.446905

2221, 0.447115

2222, 0.447482

2223, 0.447042

2224, 0.447184

2225, 0.447234

2226, 0.447307

2227, 0.447444

2228, 0.447473

2229, 0.447693

2230, 0.447778

2231, 0.448143

2232, 0.448345

2233, 0.44853

2234, 0.448614

2235, 0.449086

2236, 0.449185

2237, 0.449274

2238, 0.449403

2239, 0.449473

2240, 0.449806

2241, 0.449976

2242, 0.450072

2243, 0.45025

2244, 0.450135

2245, 0.450322

2246, 0.45081

2247, 0.450766

2248, 0.45088

2249, 0.451129

2250, 0.451079

2251, 0.451229

2252, 0.451326

2253, 0.451468

2254, 0.451535

2255, 0.45188

2256, 0.451944

2257, 0.45192

2258, 0.451626

2259, 0.451645

2260, 0.451591

2261, 0.451617

2262, 0.451418

2263, 0.451631

2264, 0.452061

2265, 0.452215

2266, 0.452212

2267, 0.452262

2268, 0.452453

2269, 0.45271

2270, 0.453195

2271, 0.453446

2272, 0.453448

2273, 0.453663

2274, 0.453812

2275, 0.453834

2276, 0.453835

2277, 0.454296

2278, 0.454665

2279, 0.454803

2280, 0.455061

2281, 0.455605

2282, 0.455632

2283, 0.455787

2284, 0.456344

2285, 0.456378

2286, 0.456569

2287, 0.457094

2288, 0.457207

2289, 0.457249

2290, 0.45717

2291, 0.457188

2292, 0.457216

2293, 0.457263

2294, 0.457527

2295, 0.45759

2296, 0.457759

2297, 0.458199

2298, 0.458061

2299, 0.45785

2300, 0.458107

2301, 0.458289

2302, 0.457876

2303, 0.457844

2304, 0.457854

2305, 0.458053

2306, 0.458507

2307, 0.45864

2308, 0.458545

2309, 0.458903

2310, 0.459012

2311, 0.45907

2312, 0.458989

2313, 0.458804

2314, 0.458844

2315, 0.459037

2316, 0.459038

2317, 0.458712

2318, 0.458966

2319, 0.459054

2320, 0.459442

2321, 0.459361

2322, 0.459549

2323, 0.459557

2324, 0.459678

2325, 0.45985

2326, 0.46013

2327, 0.460515

2328, 0.46044

2329, 0.460706

2330, 0.460714

2331, 0.460648

2332, 0.460714

2333, 0.461218

2334, 0.461102

2335, 0.461208

2336, 0.461204

2337, 0.461371

2338, 0.461453

2339, 0.461091

2340, 0.46111

2341, 0.461326

2342, 0.461504

2343, 0.461468

2344, 0.461602

2345, 0.461656

2346, 0.461519

2347, 0.46176

2348, 0.461879

2349, 0.461957

2350, 0.461747

2351, 0.462046

2352, 0.461755

2353, 0.462026

2354, 0.462384

2355, 0.46235

2356, 0.462641

2357, 0.463073

2358, 0.462846

2359, 0.462991

2360, 0.462919

2361, 0.462876

2362, 0.462509

2363, 0.462843

2364, 0.462953

2365, 0.463011

2366, 0.463526

2367, 0.463664

2368, 0.463865

2369, 0.464241

2370, 0.46426

2371, 0.464312

2372, 0.464171

2373, 0.464336

2374, 0.464441

2375, 0.464823

2376, 0.46507

2377, 0.465206

2378, 0.46534

2379, 0.465105

2380, 0.465347

2381, 0.465468

2382, 0.46555

2383, 0.465567

2384, 0.465553

2385, 0.465611

2386, 0.465671

2387, 0.465878

2388, 0.466212

2389, 0.466061

2390, 0.466059

2391, 0.46606

2392, 0.466265

2393, 0.466063

2394, 0.46648

2395, 0.466582

2396, 0.466951

2397, 0.466676

2398, 0.467022

2399, 0.466964

2400, 0.46709

2401, 0.466938

2402, 0.466776

2403, 0.466869

2404, 0.466883

2405, 0.466994

2406, 0.467306

2407, 0.46744

2408, 0.467493

2409, 0.467811

2410, 0.46803

2411, 0.468066

2412, 0.46799

2413, 0.468134

2414, 0.468495

2415, 0.468577

2416, 0.468584

2417, 0.46877

2418, 0.468868

2419, 0.468982

2420, 0.468985

2421, 0.469384

2422, 0.469989

2423, 0.470136

2424, 0.470277

2425, 0.470199

2426, 0.470287

2427, 0.470296

2428, 0.470579

2429, 0.470935

2430, 0.471196

2431, 0.471615

2432, 0.47213

2433, 0.472363

2434, 0.472593

2435, 0.472682

2436, 0.472781

2437, 0.472788

2438, 0.472897

2439, 0.472963

2440, 0.473089

2441, 0.473365

2442, 0.473542

2443, 0.473466

2444, 0.473626

2445, 0.474137

2446, 0.47423

2447, 0.474138

2448, 0.47461

2449, 0.474694

2450, 0.475102

2451, 0.475192

2452, 0.47537

2453, 0.475444

2454, 0.475334

2455, 0.47536

2456, 0.475805

2457, 0.476059

2458, 0.476165

2459, 0.476411

2460, 0.476507

2461, 0.476672

2462, 0.477038

2463, 0.477525

2464, 0.477679

2465, 0.477527

2466, 0.477579

2467, 0.477616

2468, 0.478

2469, 0.477977

2470, 0.47793

2471, 0.478105

2472, 0.478525

2473, 0.478526

2474, 0.47802

2475, 0.47817

2476, 0.478172

2477, 0.478298

2478, 0.478351

2479, 0.478524

2480, 0.478153

2481, 0.478218

2482, 0.478802

2483, 0.47915

2484, 0.479353

2485, 0.479607

2486, 0.479722

2487, 0.479647

2488, 0.47985

2489, 0.48015

2490, 0.480489

2491, 0.480816

2492, 0.480908

2493, 0.481247

2494, 0.481215

2495, 0.481273

2496, 0.481541

2497, 0.481754

2498, 0.482041

2499, 0.482119

2500, 0.482346

2501, 0.482811

2502, 0.483197

2503, 0.483151

2504, 0.483571

2505, 0.483397

2506, 0.483663

2507, 0.483911

2508, 0.483997

2509, 0.484335

2510, 0.484477

2511, 0.484436

2512, 0.484799

2513, 0.485072

2514, 0.48507

2515, 0.48548

2516, 0.485217

2517, 0.485241

2518, 0.485539

2519, 0.485779

2520, 0.485833

2521, 0.486058

2522, 0.486019

2523, 0.486033

2524, 0.486445

2525, 0.486532

2526, 0.486714

2527, 0.486934

2528, 0.487058

2529, 0.487167

2530, 0.487392

2531, 0.487731

2532, 0.488055

2533, 0.488569

2534, 0.488624

2535, 0.488516

2536, 0.488178

2537, 0.488449

2538, 0.488675

2539, 0.489055

2540, 0.489127

2541, 0.489008

2542, 0.489217

2543, 0.489304

2544, 0.489354

2545, 0.489428

2546, 0.489843

2547, 0.490026

2548, 0.489933

2549, 0.490138

2550, 0.490215

2551, 0.49028

2552, 0.489921

2553, 0.490172

2554, 0.490265

2555, 0.490414

2556, 0.490557

2557, 0.491022

2558, 0.491081

2559, 0.491443

2560, 0.491701

2561, 0.491663

2562, 0.491679

2563, 0.491763

2564, 0.491842

2565, 0.492192

2566, 0.492222

2567, 0.492368

2568, 0.492393

2569, 0.49276

2570, 0.493214

2571, 0.49353

2572, 0.493874

2573, 0.494008

2574, 0.493743

2575, 0.493927

2576, 0.493995

2577, 0.494014

2578, 0.494061

2579, 0.494103

2580, 0.494193

2581, 0.494798

2582, 0.494782

2583, 0.494975

2584, 0.495117

2585, 0.495472

2586, 0.495591

2587, 0.495695

2588, 0.495479

2589, 0.495537

2590, 0.495689

2591, 0.495907

2592, 0.496118

2593, 0.496449

2594, 0.49682

2595, 0.497132

2596, 0.497257

2597, 0.497395

2598, 0.497377

2599, 0.497711

2600, 0.497958

2601, 0.498042

2602, 0.498458

2603, 0.498548

2604, 0.498673

2605, 0.49903

2606, 0.498603

2607, 0.498672

2608, 0.498747

2609, 0.498911

2610, 0.499096

2611, 0.499002

2612, 0.498903

2613, 0.499186

2614, 0.499344

2615, 0.499536

2616, 0.499565

2617, 0.499572

2618, 0.499789

2619, 0.499969

2620, 0.500363

2621, 0.500722

2622, 0.501382

2623, 0.501547

2624, 0.501606

2625, 0.501622

2626, 0.501871

2627, 0.501807

2628, 0.502269

2629, 0.502421

2630, 0.502296

2631, 0.502732

2632, 0.502761

2633, 0.502906

2634, 0.503161

2635, 0.503416

2636, 0.503654

2637, 0.50389

2638, 0.503978

2639, 0.503575

2640, 0.50333

2641, 0.503714

2642, 0.503708

2643, 0.504017

2644, 0.504254

2645, 0.504403

2646, 0.504406

2647, 0.50443

2648, 0.504588

2649, 0.504971

2650, 0.505454

2651, 0.505673

2652, 0.505959

2653, 0.50592

2654, 0.506095

2655, 0.506337

2656, 0.506603

2657, 0.506657

2658, 0.506742

2659, 0.506608

2660, 0.506877

2661, 0.506892

2662, 0.50694

2663, 0.507104

2664, 0.507266

2665, 0.507415

2666, 0.507618

2667, 0.507618

2668, 0.50778

2669, 0.507929

2670, 0.508021

2671, 0.508142

2672, 0.508354

2673, 0.508524

2674, 0.508995

2675, 0.508851

2676, 0.50912

2677, 0.509251

2678, 0.509373

2679, 0.509674

2680, 0.50954

2681, 0.509436

2682, 0.509743

2683, 0.509994

2684, 0.510029

2685, 0.510169

2686, 0.51053

2687, 0.510975

2688, 0.511176

2689, 0.511698

2690, 0.511787

2691, 0.511903

2692, 0.511903

2693, 0.512008

2694, 0.512041

2695, 0.51221

2696, 0.512163

2697, 0.512428

2698, 0.512526

2699, 0.512678

2700, 0.512666

2701, 0.512713

2702, 0.512913

2703, 0.512913

2704, 0.512837

2705, 0.51302

2706, 0.512972

2707, 0.513165

2708, 0.513596

2709, 0.513517

2710, 0.513877

2711, 0.514146

2712, 0.513988

2713, 0.513988

2714, 0.514145

2715, 0.514161

2716, 0.514286

2717, 0.514346

2718, 0.514479

2719, 0.51465

2720, 0.515083

2721, 0.515315

2722, 0.515492

2723, 0.515748

2724, 0.516078

2725, 0.516119

2726, 0.516358

2727, 0.51651

2728, 0.516901

2729, 0.517202

2730, 0.517475

2731, 0.517636

2732, 0.517571

2733, 0.517692

2734, 0.518016

2735, 0.518136

2736, 0.518378

2737, 0.518409

2738, 0.518284

2739, 0.518779

2740, 0.519031

2741, 0.519588

2742, 0.519564

2743, 0.519627

2744, 0.519776

2745, 0.519864

2746, 0.520063

2747, 0.520488

2748, 0.521002

2749, 0.521015

2750, 0.521149

2751, 0.520863

2752, 0.520885

2753, 0.521012

2754, 0.521175

2755, 0.521301

2756, 0.521581

2757, 0.52122

2758, 0.5212

2759, 0.52132

2760, 0.521546

2761, 0.521567

2762, 0.521491

2763, 0.521614

2764, 0.521219

2765, 0.521465

2766, 0.521455

2767, 0.52182

2768, 0.521897

2769, 0.522003

2770, 0.522128

2771, 0.522025

2772, 0.522061

2773, 0.522288

2774, 0.522517

2775, 0.522837

2776, 0.523005

2777, 0.523591

2778, 0.523645

2779, 0.524092

2780, 0.524229

2781, 0.524227

2782, 0.524587

2783, 0.524697

2784, 0.524819

2785, 0.524757

2786, 0.524689

2787, 0.524743

2788, 0.524966

2789, 0.525111

2790, 0.525366

2791, 0.525589

2792, 0.525612

2793, 0.525543

2794, 0.525714

2795, 0.525839

2796, 0.525876

2797, 0.525922

2798, 0.526004

2799, 0.526036

2800, 0.526186

2801, 0.526308

2802, 0.526486

2803, 0.526808

2804, 0.52717

2805, 0.527304

2806, 0.52707

2807, 0.527272

2808, 0.527459

2809, 0.527629

2810, 0.527415

2811, 0.527259

2812, 0.527443

2813, 0.527684

2814, 0.527772

2815, 0.528008

2816, 0.528042

2817, 0.528544

2818, 0.528509

2819, 0.528635

2820, 0.528788

2821, 0.528997

2822, 0.529327

2823, 0.529339

2824, 0.529438

2825, 0.529584

2826, 0.529376

2827, 0.529402

2828, 0.529464

2829, 0.530009

2830, 0.530516

2831, 0.530893

2832, 0.531157

2833, 0.531362

2834, 0.531303

2835, 0.531404

2836, 0.531504

2837, 0.531719

2838, 0.532218

2839, 0.532225

2840, 0.532254

2841, 0.532561

2842, 0.5326

2843, 0.532678

2844, 0.533052

2845, 0.533129

2846, 0.53321

2847, 0.533225

2848, 0.533073

2849, 0.53344

2850, 0.533808

2851, 0.533608

2852, 0.53399

2853, 0.534436

2854, 0.534441

2855, 0.534528

2856, 0.534755

2857, 0.534867

2858, 0.535036

2859, 0.534731

2860, 0.534906

2861, 0.534854

2862, 0.534587

2863, 0.535071

2864, 0.535022

2865, 0.535152

2866, 0.535447

2867, 0.535595

2868, 0.535493

2869, 0.535455

2870, 0.53541

2871, 0.5356

2872, 0.535724

2873, 0.535793

2874, 0.535929

2875, 0.535955

2876, 0.536104

2877, 0.536493

2878, 0.53659

2879, 0.53669

2880, 0.53706

2881, 0.537182

2882, 0.537408

2883, 0.537643

2884, 0.537693

2885, 0.538057

2886, 0.538589

2887, 0.538893

2888, 0.539024

2889, 0.539069

2890, 0.5388

2891, 0.539075

2892, 0.539438

2893, 0.539545

2894, 0.539772

2895, 0.540162

2896, 0.540518

2897, 0.54058

2898, 0.540992

2899, 0.541229

2900, 0.541578

2901, 0.541797

2902, 0.541839

2903, 0.542045

2904, 0.542247

2905, 0.542406

2906, 0.542684

2907, 0.543055

2908, 0.543084

2909, 0.543373

2910, 0.543485

2911, 0.543416

2912, 0.543416

2913, 0.543674

2914, 0.543853

2915, 0.544175

2916, 0.544123

2917, 0.544285

2918, 0.544382

2919, 0.544197

2920, 0.544395

2921, 0.544786

2922, 0.545118

2923, 0.545155

2924, 0.545558

2925, 0.545578

2926, 0.545635

2927, 0.545669

2928, 0.545714

2929, 0.545792

2930, 0.546239

2931, 0.546313

2932, 0.546365

2933, 0.546535

2934, 0.546957

2935, 0.546878

2936, 0.547142

2937, 0.547292

2938, 0.54728

2939, 0.547542

2940, 0.547574

2941, 0.547452

2942, 0.547488

2943, 0.547912

2944, 0.548292

2945, 0.548489

2946, 0.548705

2947, 0.54886

2948, 0.54906

2949, 0.549257

2950, 0.549616

2951, 0.549771

2952, 0.549834

2953, 0.549674

2954, 0.549746

2955, 0.549773

2956, 0.549977

2957, 0.55004

2958, 0.549946

2959, 0.550148

2960, 0.550267

2961, 0.550055

2962, 0.549955

2963, 0.550475

2964, 0.550701

2965, 0.550815

2966, 0.550781

2967, 0.55081

2968, 0.550818

2969, 0.551338

2970, 0.551383

2971, 0.55149

2972, 0.551523

2973, 0.551821

2974, 0.551902

2975, 0.551977

2976, 0.552057

2977, 0.552108

2978, 0.552442

2979, 0.552621

2980, 0.552767

2981, 0.552874

2982, 0.553194

2983, 0.55343

2984, 0.55343

2985, 0.553935

2986, 0.554186

2987, 0.554381

2988, 0.554375

2989, 0.554681

2990, 0.554939

2991, 0.555343

2992, 0.555135

2993, 0.555796

2994, 0.556013

2995, 0.555982

2996, 0.556054

2997, 0.556491

2998, 0.55642

2999, 0.556636

3000, 0.556644

3001, 0.556715

3002, 0.557045

3003, 0.557261

3004, 0.557301

3005, 0.557386

3006, 0.557593

3007, 0.557708

3008, 0.557757

3009, 0.557827

3010, 0.557896

3011, 0.557822

3012, 0.558246

3013, 0.558368

3014, 0.558496

3015, 0.558716

3016, 0.558859

3017, 0.559018

3018, 0.559073

3019, 0.55891

3020, 0.559229

3021, 0.559445

3022, 0.559601

3023, 0.559785

3024, 0.559815

3025, 0.559947

3026, 0.559882

3027, 0.559939

3028, 0.560267

3029, 0.56048

3030, 0.560443

3031, 0.560567

3032, 0.560736

3033, 0.560895

3034, 0.561116

3035, 0.561286

3036, 0.561348

3037, 0.561431

3038, 0.561329

3039, 0.5614

3040, 0.561505

3041, 0.561663

3042, 0.561746

3043, 0.561746

3044, 0.561864

3045, 0.562166

3046, 0.56226

3047, 0.56236

3048, 0.562376

3049, 0.562518

3050, 0.562669

3051, 0.562634

3052, 0.562848

3053, 0.562806

3054, 0.563157

3055, 0.5632

3056, 0.563261

3057, 0.563474

3058, 0.563712

3059, 0.563952

3060, 0.563721

3061, 0.563801

3062, 0.56412

3063, 0.564193

3064, 0.564343

3065, 0.564428

3066, 0.564592

3067, 0.564664

3068, 0.565034

3069, 0.565407

3070, 0.565508

3071, 0.565977

3072, 0.566192

3073, 0.565885

3074, 0.566119

3075, 0.566324

3076, 0.566412

3077, 0.56674

3078, 0.566925

3079, 0.566722

3080, 0.567083

3081, 0.567157

3082, 0.567168

3083, 0.567506

3084, 0.567632

3085, 0.567714

3086, 0.567892

3087, 0.567985

3088, 0.567991

3089, 0.56809

3090, 0.568386

3091, 0.568412

3092, 0.568502

3093, 0.568688

3094, 0.568806

3095, 0.568854

3096, 0.568929

3097, 0.569229

3098, 0.5694

3099, 0.569572

3100, 0.56991

3101, 0.56998

3102, 0.570084

3103, 0.569937

3104, 0.570081

3105, 0.570301

3106, 0.570264

3107, 0.570475

3108, 0.570327

3109, 0.570517

3110, 0.570581

3111, 0.570699

3112, 0.570745

3113, 0.570763

3114, 0.570848

3115, 0.570893

3116, 0.571038

3117, 0.57124

3118, 0.571339

3119, 0.571033

3120, 0.571142

3121, 0.571426

3122, 0.571634

3123, 0.571798

3124, 0.572168

3125, 0.572284

3126, 0.572301

3127, 0.57226

3128, 0.572519

3129, 0.572627

3130, 0.572884

3131, 0.572791

3132, 0.573028

3133, 0.57317

3134, 0.573614

3135, 0.573844

3136, 0.573994

3137, 0.574163

3138, 0.57428

3139, 0.574611

3140, 0.574772

3141, 0.574878

3142, 0.574883

3143, 0.57498

3144, 0.575205

3145, 0.575232

3146, 0.575708

3147, 0.575908

3148, 0.575979

3149, 0.576173

3150, 0.576451

3151, 0.576567

3152, 0.576675

3153, 0.576481

3154, 0.57607

3155, 0.576183

3156, 0.576199

3157, 0.576166

3158, 0.576166

3159, 0.57626

3160, 0.576383

3161, 0.576734

3162, 0.576971

3163, 0.577064

3164, 0.577153

3165, 0.577399

3166, 0.57751

3167, 0.5776

3168, 0.577629

3169, 0.577663

3170, 0.577773

3171, 0.577983

3172, 0.578061

3173, 0.578066

3174, 0.578299

3175, 0.578478

3176, 0.578394

3177, 0.578556

3178, 0.578861

3179, 0.578998

3180, 0.579132

3181, 0.579488

3182, 0.579841

3183, 0.580113

3184, 0.580239

3185, 0.580433

3186, 0.580278

3187, 0.580178

3188, 0.580129

3189, 0.580314

3190, 0.580448

3191, 0.580465

3192, 0.580557

3193, 0.58055

3194, 0.580392

3195, 0.580512

3196, 0.580841

3197, 0.580972

3198, 0.581134

3199, 0.581335

3200, 0.581601

3201, 0.581827

3202, 0.582212

3203, 0.582401

3204, 0.582416

3205, 0.582733

3206, 0.58289

3207, 0.582944

3208, 0.583336

3209, 0.583433

3210, 0.583626

3211, 0.583916

3212, 0.584298

3213, 0.584361

3214, 0.584442

3215, 0.5844

3216, 0.584552

3217, 0.584748

3218, 0.584863

3219, 0.585009

3220, 0.585192

3221, 0.585398

3222, 0.585779

3223, 0.586008

3224, 0.586053

3225, 0.586041

3226, 0.586232

3227, 0.586227

3228, 0.586269

3229, 0.586703

3230, 0.586911

3231, 0.587184

3232, 0.587431

3233, 0.587274

3234, 0.58733

3235, 0.587284

3236, 0.587286

3237, 0.587367

3238, 0.587655

3239, 0.587731

3240, 0.587945

3241, 0.588604

3242, 0.588974

3243, 0.589209

3244, 0.589372

3245, 0.589525

3246, 0.589637

3247, 0.589975

3248, 0.59003

3249, 0.590156

3250, 0.590174

3251, 0.590275

3252, 0.590207

3253, 0.590247

3254, 0.590301

3255, 0.590428

3256, 0.590905

3257, 0.590548

3258, 0.590962

3259, 0.591002

3260, 0.591039

3261, 0.59115

3262, 0.591122

3263, 0.59112

3264, 0.59113

3265, 0.591356

3266, 0.591382

3267, 0.591424

3268, 0.59149

3269, 0.591713

3270, 0.591926

3271, 0.592219

3272, 0.592472

3273, 0.592476

3274, 0.592595

3275, 0.592909

3276, 0.592978

3277, 0.593079

3278, 0.593122

3279, 0.59345

3280, 0.593533

3281, 0.593571

3282, 0.593775

3283, 0.593877

3284, 0.593966

3285, 0.594019

3286, 0.594218

3287, 0.594306

3288, 0.594371

3289, 0.59445

3290, 0.594661

3291, 0.594781

3292, 0.59488

3293, 0.595004

3294, 0.595131

3295, 0.595404

3296, 0.595451

3297, 0.595429

3298, 0.595616

3299, 0.595745

3300, 0.595846

3301, 0.596247

3302, 0.596173

3303, 0.596199

3304, 0.596251

3305, 0.596442

3306, 0.596487

3307, 0.596634

3308, 0.59666

3309, 0.596631

3310, 0.596653

3311, 0.596671

3312, 0.597026

3313, 0.597143

3314, 0.597198

3315, 0.597546

3316, 0.597635

3317, 0.59773

3318, 0.597722

3319, 0.597801

3320, 0.597989

3321, 0.598013

3322, 0.598248

3323, 0.598451

3324, 0.598713

3325, 0.598936

3326, 0.599185

3327, 0.599273

3328, 0.59951

3329, 0.599598

3330, 0.599632

3331, 0.599663

3332, 0.599663

3333, 0.599664

3334, 0.599972

3335, 0.600071

3336, 0.600524

3337, 0.600638

3338, 0.601051

3339, 0.60116

3340, 0.60122

3341, 0.601248

3342, 0.601155

3343, 0.601372

3344, 0.601637

3345, 0.601637

3346, 0.601734

3347, 0.601603

3348, 0.601821

3349, 0.601886

3350, 0.602343

3351, 0.602383

3352, 0.602345

3353, 0.60259

3354, 0.602221

3355, 0.602136

3356, 0.602252

3357, 0.602257

3358, 0.602429

3359, 0.602661

3360, 0.602807

3361, 0.603034

3362, 0.603154

3363, 0.60331

3364, 0.603089

3365, 0.603194

3366, 0.603446

3367, 0.603453

3368, 0.603597

3369, 0.604044

3370, 0.60436

3371, 0.604466

3372, 0.604363

3373, 0.604655

3374, 0.60468

3375, 0.604694

3376, 0.604733

3377, 0.604755

3378, 0.605116

3379, 0.605456

3380, 0.605355

3381, 0.605706

3382, 0.605696

3383, 0.605762

3384, 0.605845

3385, 0.606044

3386, 0.606151

3387, 0.606409

3388, 0.606571

3389, 0.60672

3390, 0.606697

3391, 0.606851

3392, 0.607108

3393, 0.607045

3394, 0.607045

3395, 0.607067

3396, 0.607193

3397, 0.606934

3398, 0.606976

3399, 0.607342

3400, 0.607438

3401, 0.607453

3402, 0.60758

3403, 0.607659

3404, 0.607905

3405, 0.608098

3406, 0.608233

3407, 0.608143

3408, 0.60844

3409, 0.608531

3410, 0.608636

3411, 0.608905

3412, 0.608979

3413, 0.609184

3414, 0.608826

3415, 0.609039

3416, 0.609354

3417, 0.609489

3418, 0.609353

3419, 0.609509

3420, 0.609627

3421, 0.609681

3422, 0.609801

3423, 0.609863

3424, 0.609922

3425, 0.60999

3426, 0.610005

3427, 0.610373

3428, 0.610312

3429, 0.610746

3430, 0.610855

3431, 0.611034

3432, 0.611114

3433, 0.610798

3434, 0.610844

3435, 0.610933

3436, 0.611112

3437, 0.611329

3438, 0.611395

3439, 0.611615

3440, 0.611603

3441, 0.611907

3442, 0.612127

3443, 0.612132

3444, 0.612337

3445, 0.612414

3446, 0.612491

3447, 0.612639

3448, 0.612896

3449, 0.613175

3450, 0.613385

3451, 0.613666

3452, 0.613864

3453, 0.614241

3454, 0.614615

3455, 0.61464

3456, 0.614731

3457, 0.614908

3458, 0.615244

3459, 0.615428

3460, 0.615671

3461, 0.616

3462, 0.616225

3463, 0.616305

3464, 0.616544

3465, 0.61672

3466, 0.616871

3467, 0.6171

3468, 0.617181

3469, 0.617205

3470, 0.617205

3471, 0.617334

3472, 0.61754

3473, 0.617731

3474, 0.61768

3475, 0.617711

3476, 0.617814

3477, 0.618057

3478, 0.618145

3479, 0.618366

3480, 0.618381

3481, 0.618279

3482, 0.618508

3483, 0.618721

3484, 0.618816

3485, 0.619205

3486, 0.619093

3487, 0.619225

3488, 0.619727

3489, 0.619798

3490, 0.619837

3491, 0.620129

3492, 0.620251

3493, 0.6203

3494, 0.620382

3495, 0.620415

3496, 0.620444

3497, 0.620677

3498, 0.620896

3499, 0.621057

3500, 0.621331

3501, 0.62136

3502, 0.621481

3503, 0.62167

3504, 0.621596

3505, 0.621539

3506, 0.621599

3507, 0.621702

3508, 0.621711

3509, 0.621798

3510, 0.622184

3511, 0.622276

3512, 0.622107

3513, 0.622222

3514, 0.622395

3515, 0.622417

3516, 0.622515

3517, 0.622516

3518, 0.622742

3519, 0.622976

3520, 0.623018

3521, 0.623142

3522, 0.623547

3523, 0.623785

3524, 0.624074

3525, 0.62448

3526, 0.624813

3527, 0.62485

3528, 0.62517

3529, 0.62521

3530, 0.625458

3531, 0.625681

3532, 0.625795

3533, 0.625887

3534, 0.626008

3535, 0.62622

3536, 0.626678

3537, 0.626844

3538, 0.627039

3539, 0.626974

3540, 0.627046

3541, 0.626924

3542, 0.626924

3543, 0.626974

3544, 0.62726

3545, 0.627717

3546, 0.627646

3547, 0.627738

3548, 0.627852

3549, 0.62803

3550, 0.628173

3551, 0.628283

3552, 0.628387

3553, 0.628392

3554, 0.628621

3555, 0.628608

3556, 0.628663

3557, 0.628783

3558, 0.628857

3559, 0.628881

3560, 0.629021

3561, 0.629037

3562, 0.629075

3563, 0.629008

3564, 0.629046

3565, 0.629128

3566, 0.629448

3567, 0.629539

3568, 0.629728

3569, 0.629868

3570, 0.629893

3571, 0.630043

3572, 0.630258

3573, 0.630351

3574, 0.630398

3575, 0.630584

3576, 0.630861

3577, 0.63115

3578, 0.631344

3579, 0.631406

3580, 0.63145

3581, 0.631555

3582, 0.63175

3583, 0.631819

3584, 0.63208

3585, 0.632114

3586, 0.632363

3587, 0.632549

3588, 0.632816

3589, 0.632888

3590, 0.632897

3591, 0.632834

3592, 0.632875

3593, 0.632914

3594, 0.632951

3595, 0.63297

3596, 0.633099

3597, 0.633158

3598, 0.633473

3599, 0.633808

3600, 0.633964

3601, 0.634367

3602, 0.634543

3603, 0.634591

3604, 0.634665

3605, 0.634745

3606, 0.634899

3607, 0.635081

3608, 0.635313

3609, 0.635348

3610, 0.635435

3611, 0.635084

3612, 0.635093

3613, 0.635198

3614, 0.635235

3615, 0.635275

3616, 0.63538

3617, 0.635458

3618, 0.635291

3619, 0.63525

3620, 0.635323

3621, 0.635524

3622, 0.63554

3623, 0.63575

3624, 0.636019

3625, 0.636019

3626, 0.636207

3627, 0.636734

3628, 0.636768

3629, 0.636904

3630, 0.636997

3631, 0.637317

3632, 0.637463

3633, 0.637463

3634, 0.637513

3635, 0.637621

3636, 0.637794

3637, 0.638254

3638, 0.638602

3639, 0.638846

3640, 0.638906

3641, 0.639189

3642, 0.639281

3643, 0.639359

3644, 0.639671

3645, 0.639933

3646, 0.640187

3647, 0.64037

3648, 0.640567

3649, 0.640594

3650, 0.640612

3651, 0.640767

3652, 0.641282

3653, 0.641501

3654, 0.641557

3655, 0.641687

3656, 0.641763

3657, 0.641769

3658, 0.641655

3659, 0.641865

3660, 0.641865

3661, 0.64206

3662, 0.642231

3663, 0.642211

3664, 0.642225

3665, 0.642098

3666, 0.642148

3667, 0.642298

3668, 0.642364

3669, 0.642398

3670, 0.642705

3671, 0.642748

3672, 0.642858

3673, 0.642988

3674, 0.643107

3675, 0.643431

3676, 0.643498

3677, 0.643585

3678, 0.643731

3679, 0.643821

3680, 0.643956

3681, 0.644028

3682, 0.644343

3683, 0.644376

3684, 0.644697

3685, 0.644781

3686, 0.644839

3687, 0.645195

3688, 0.645306

3689, 0.645339

3690, 0.645732

3691, 0.645756

3692, 0.645721

3693, 0.645841

3694, 0.64614

3695, 0.646431

3696, 0.646481

3697, 0.646803

3698, 0.646559

3699, 0.646606

3700, 0.646942

3701, 0.647252

3702, 0.647487

3703, 0.647421

3704, 0.64757

3705, 0.647681

3706, 0.647736

3707, 0.647915

3708, 0.647922

3709, 0.64799

3710, 0.647994

3711, 0.647994

3712, 0.647985

3713, 0.648207

3714, 0.648158

3715, 0.648303

3716, 0.648339

3717, 0.648338

3718, 0.648338

3719, 0.648409

3720, 0.648475

3721, 0.648476

3722, 0.648494

3723, 0.648494

3724, 0.648646

3725, 0.648904

3726, 0.649106

3727, 0.649193

3728, 0.64941

3729, 0.649439

3730, 0.649147

3731, 0.649209

3732, 0.649187

3733, 0.649194

3734, 0.649338

3735, 0.649402

3736, 0.649406

3737, 0.649434

3738, 0.649728

3739, 0.649755

3740, 0.649844

3741, 0.649816

1, 0

2, 0

3, 0

4, 0

5, 0

6, 0

7, 0

8, 0

9, 0

10, 0

11, 0

12, 0

13, 0

14, 0

15, 0

16, 0

17, 0

18, 0

19, 0

20, 0

21, 0.00166673

22, 0.00163037

23, 0.00152452

24, 0.00143808

25, 0.00138186

26, 0.00132953

27, 0.00126888

28, 0.00125344

29, 0.00122007

30, 0.00118249

31, 0.00112831

32, 0.0010954

33, 0.00106296

34, 0.00103212

35, 0.00100099

36, 0.000969882

37, 0.000951063

38, 0.000937786

39, 0.000927471

40, 0.00090463

41, 0.000886821

42, 0.000877275

43, 0.000853512

44, 0.000830437

45, 0.000813057

46, 0.0007988

47, 0.000778128

48, 0.000792306

49, 0.000786265

50, 0.000771514

51, 0.000756135

52, 0.00074884

53, 0.000734578

54, 0.00072427

55, 0.000718108

56, 0.00379647

57, 0.00372822

58, 0.00366052

59, 0.00358065

60, 0.00352618

61, 0.00347348

62, 0.00551656

63, 0.00544576

64, 0.00541265

65, 0.0053229

66, 0.00522489

67, 0.00515594

68, 0.00505305

69, 0.00498983

70, 0.00491645

71, 0.0048561

72, 0.00479925

73, 0.00555831

74, 0.00550702

75, 0.00541267

76, 0.00534032

77, 0.00524053

78, 0.00692172

79, 0.0068535

80, 0.00675823

81, 0.00664351

82, 0.00659057

83, 0.00976814

84, 0.00970132

85, 0.00960899

86, 0.00950935

87, 0.00941235

88, 0.00928373

89, 0.00916569

90, 0.00906704

91, 0.00895903

92, 0.00887193

93, 0.00875813

94, 0.00866502

95, 0.00859772

96, 0.00905682

97, 0.00966623

98, 0.00953785

99, 0.00950492

100, 0.00941083

101, 0.00929505

102, 0.00933975

103, 0.0107222

104, 0.0112714

105, 0.0112036

106, 0.011131

107, 0.0110261

108, 0.0147887

109, 0.0146368

110, 0.0201238

111, 0.0199477

112, 0.0197955

113, 0.0196889

114, 0.0196285

115, 0.0194657

116, 0.0192498

117, 0.0191459

118, 0.0190016

119, 0.0240058

120, 0.0238103

121, 0.0236594

122, 0.0271504

123, 0.0320972

124, 0.0317675

125, 0.0316058

126, 0.0313399

127, 0.03116

128, 0.0307998

129, 0.0307147

130, 0.0305771

131, 0.0327364

132, 0.0324401

133, 0.0321554

134, 0.0317425

135, 0.0314647

136, 0.0312191

137, 0.0309478

138, 0.0306422

139, 0.0303827

140, 0.0301871

141, 0.03009

142, 0.029829

143, 0.0296526

144, 0.029585

145, 0.0293574

146, 0.0290975

147, 0.0287886

148, 0.0287003

149, 0.0284504

150, 0.0283132

151, 0.0310385

152, 0.0308776

153, 0.0307245

154, 0.0305847

155, 0.0320313

156, 0.0317942

157, 0.0315494

158, 0.0312803

159, 0.0311033

160, 0.035575

161, 0.0374042

162, 0.0371601

163, 0.0374158

164, 0.0371482

165, 0.0369479

166, 0.0366725

167, 0.0374695

168, 0.0373088

169, 0.0370076

170, 0.0367539

171, 0.0366498

172, 0.0375357

173, 0.0373577

174, 0.0371747

175, 0.0368817

176, 0.039414

177, 0.041891

178, 0.0469616

179, 0.0485998

180, 0.0482798

181, 0.0478468

182, 0.0475267

183, 0.0472929

184, 0.0470017

185, 0.047661

186, 0.0474951

187, 0.0471714

188, 0.0471466

189, 0.0494861

190, 0.0517155

191, 0.0514291

192, 0.0528186

193, 0.0526154

194, 0.052418

195, 0.0526503

196, 0.0524606

197, 0.0560002

198, 0.0555992

199, 0.0553357

200, 0.055216

201, 0.0566268

202, 0.0563042

203, 0.0561999

204, 0.0585267

205, 0.0582671

206, 0.057869

207, 0.0574569

208, 0.0570896

209, 0.0567178

210, 0.0564197

211, 0.056001

212, 0.0563075

213, 0.0580819

214, 0.0578456

215, 0.058878

216, 0.0584813

217, 0.0583344

218, 0.0579013

219, 0.0575785

220, 0.0573488

221, 0.0569302

222, 0.0567969

223, 0.0581303

224, 0.0580572

225, 0.0580416

226, 0.0580512

227, 0.0585787

228, 0.0600671

229, 0.0597814

230, 0.0595183

231, 0.0591919

232, 0.063886

233, 0.0637683

234, 0.0633104

235, 0.0631349

236, 0.0630308

237, 0.0626542

238, 0.0623586

239, 0.0620862

240, 0.0619909

241, 0.0627604

242, 0.0625709

243, 0.0624465

244, 0.0623369

245, 0.0620682

246, 0.0624936

247, 0.0622575

248, 0.0618781

249, 0.0618688

250, 0.0615207

251, 0.0612574

252, 0.0610224

253, 0.0607478

254, 0.0604257

255, 0.0629052

256, 0.0626759

257, 0.0624926

258, 0.0648272

259, 0.0646725

260, 0.0651334

261, 0.064813

262, 0.0681842

263, 0.0679433

264, 0.0686644

265, 0.0705755

266, 0.0703701

267, 0.0701765

268, 0.0709338

269, 0.0709223

270, 0.0707793

271, 0.0704346

272, 0.0705505

273, 0.0710625

274, 0.0740125

275, 0.0750455

276, 0.0749034

277, 0.0746414

278, 0.0743954

279, 0.0742816

280, 0.0741403

281, 0.0738526

282, 0.0734169

283, 0.0731798

284, 0.0729313

285, 0.0726396

286, 0.0730511

287, 0.0728782

288, 0.0725091

289, 0.0729394

290, 0.0732841

291, 0.0732506

292, 0.0729933

293, 0.0728432

294, 0.0725998

295, 0.0725265

296, 0.0747865

297, 0.0746286

298, 0.0744281

299, 0.0751819

300, 0.0749823

301, 0.0751079

302, 0.0747472

303, 0.0746499

304, 0.0748282

305, 0.0743991

306, 0.0740636

307, 0.0736658

308, 0.0734387

309, 0.073354

310, 0.0733858

311, 0.0752983

312, 0.0750407

313, 0.07558

314, 0.0754

315, 0.0758269

316, 0.0754468

317, 0.0763102

318, 0.0759381

319, 0.0756353

320, 0.0754686

321, 0.0752107

322, 0.0759978

323, 0.0757652

324, 0.0757733

325, 0.0755483

326, 0.0752686

327, 0.0758359

328, 0.075653

329, 0.0759079

330, 0.0756871

331, 0.075699

332, 0.0759218

333, 0.0756875

334, 0.0752854

335, 0.0750099

336, 0.0749097

337, 0.0747449

338, 0.0752544

339, 0.0764072

340, 0.0768032

341, 0.0780292

342, 0.0779266

343, 0.0788082

344, 0.0787045

345, 0.0785188

346, 0.0781442

347, 0.0784232

348, 0.0781732

349, 0.0780898

350, 0.0788754

351, 0.0807408

352, 0.0806236

353, 0.0804545

354, 0.081072

355, 0.0814147

356, 0.081655

357, 0.0813192

358, 0.0811913

359, 0.081037

360, 0.081523

361, 0.0820432

362, 0.0818353

363, 0.0821157

364, 0.0828832

365, 0.0839667

366, 0.0842138

367, 0.0839416

368, 0.0837968

369, 0.0834497

370, 0.0831222

371, 0.0844594

372, 0.0843269

373, 0.0841237

374, 0.0840261

375, 0.0839229

376, 0.0838456

377, 0.0860422

378, 0.0874708

379, 0.0892663

380, 0.0908617

381, 0.0923459

382, 0.093026

383, 0.0933607

384, 0.0931152

385, 0.0930333

386, 0.0933085

387, 0.0930984

388, 0.0927622

389, 0.0927435

390, 0.0925772

391, 0.0928346

392, 0.0925373

393, 0.0939869

394, 0.0947804

395, 0.0945649

396, 0.0941366

397, 0.0938096

398, 0.0936502

399, 0.0947468

400, 0.0965417

401, 0.0978547

402, 0.0995853

403, 0.099745

404, 0.0994617

405, 0.100536

406, 0.100403

407, 0.100009

408, 0.100085

409, 0.0998654

410, 0.100928

411, 0.10061

412, 0.100424

413, 0.100096

414, 0.100505

415, 0.100269

416, 0.10077

417, 0.10056

418, 0.10133

419, 0.101194

420, 0.100824

421, 0.10191

422, 0.102609

423, 0.1023

424, 0.102026

425, 0.102126

426, 0.103608

427, 0.103744

428, 0.104851

429, 0.104776

430, 0.104407

431, 0.104128

432, 0.103996

433, 0.103778

434, 0.103575

435, 0.103237

436, 0.103109

437, 0.103845

438, 0.104046

439, 0.103893

440, 0.104771

441, 0.104625

442, 0.104676

443, 0.10451

444, 0.104329

445, 0.104684

446, 0.105217

447, 0.106654

448, 0.106403

449, 0.106532

450, 0.106272

451, 0.106666

452, 0.106468

453, 0.10615

454, 0.106213

455, 0.10606

456, 0.105917

457, 0.106129

458, 0.105957

459, 0.107527

460, 0.1087

461, 0.108587

462, 0.10976

463, 0.110598

464, 0.111375

465, 0.112232

466, 0.111913

467, 0.111576

468, 0.112597

469, 0.112731

470, 0.1129

471, 0.113812

472, 0.114527

473, 0.114927

474, 0.114665

475, 0.115031

476, 0.115178

477, 0.114873

478, 0.114592

479, 0.115384

480, 0.115993

481, 0.115839

482, 0.116477

483, 0.11625

484, 0.117038

485, 0.116777

486, 0.117084

487, 0.116819

488, 0.116967

489, 0.11975

490, 0.119608

491, 0.119271

492, 0.118925

493, 0.11978

494, 0.119905

495, 0.119684

496, 0.120759

497, 0.120516

498, 0.120811

499, 0.120633

500, 0.120956

501, 0.12171

502, 0.121603

503, 0.121797

504, 0.121509

505, 0.121161

506, 0.120852

507, 0.120579

508, 0.120391

509, 0.121395

510, 0.121216

511, 0.120987

512, 0.120801

513, 0.120689

514, 0.120478

515, 0.120259

516, 0.120823

517, 0.122487

518, 0.122787

519, 0.122638

520, 0.124145

521, 0.124005

522, 0.12404

523, 0.123689

524, 0.125979

525, 0.125776

526, 0.126277

527, 0.126205

528, 0.125799

529, 0.127298

530, 0.128701

531, 0.128364

532, 0.128211

533, 0.127758

534, 0.127431

535, 0.128037

536, 0.129073

537, 0.128735

538, 0.130965

539, 0.131782

540, 0.133606

541, 0.133346

542, 0.133172

543, 0.133861

544, 0.134469

545, 0.134656

546, 0.135336

547, 0.134888

548, 0.13465

549, 0.134499

550, 0.135302

551, 0.135173

552, 0.134827

553, 0.134521

554, 0.134087

555, 0.133967

556, 0.133845

557, 0.133561

558, 0.13503

559, 0.13473

560, 0.136244

561, 0.136057

562, 0.137049

563, 0.137757

564, 0.137617

565, 0.138184

566, 0.139645

567, 0.141507

568, 0.141797

569, 0.141813

570, 0.141878

571, 0.142804

572, 0.143582

573, 0.143484

574, 0.144245

575, 0.143977

576, 0.144942

577, 0.145151

578, 0.14499

579, 0.144896

580, 0.144577

581, 0.144237

582, 0.144637

583, 0.144255

584, 0.144396

585, 0.144169

586, 0.143989

587, 0.144958

588, 0.144735

589, 0.14612

590, 0.14692

591, 0.146739

592, 0.146881

593, 0.147727

594, 0.147565

595, 0.147204

596, 0.14688

597, 0.146526

598, 0.147266

599, 0.146983

600, 0.14685

601, 0.146553

602, 0.146194

603, 0.146262

604, 0.145939

605, 0.146807

606, 0.146684

607, 0.147409

